"Inflation rate, average consumer prices (Annual percent change)",1980,1981,1982,1983,1984,1985,1986,1987,1988,1989,1990,1991,1992,1993,1994,1995,1996,1997,1998,1999,2000,2001,2002,2003,2004,2005,2006,2007,2008,2009,2010,2011,2012,2013,2014,2015,2016,2017,2018,2019,2020,2021,2022,2023,2024,2025,2026,2027,2028,2029
Afghanistan,no data,no data,no data,no data,no data,no data,no data,no data,no data,no data,no data,no data,no data,no data,no data,no data,no data,no data,no data,no data,no data,no data,"5,1","35,7","16,4","10,6","6,8","8,7","26,4","-6,8","2,2","11,8","6,4","7,4","4,7","-0,7","4,4",5,"0,6","2,3","5,6","7,8","10,6",no data,no data,no data,no data,no data,no data,no data
Albania,no data,no data,no data,no data,no data,no data,no data,no data,no data,no data,"-0,2","35,7",226,85,"22,6","7,8","12,7","33,2","20,6","0,4",0,"3,1","5,2","2,4","2,9","2,4","2,4",3,"3,3","2,2","3,6","3,4",2,"1,9","1,6","1,9","1,3",2,2,"1,4","1,6",2,"6,7","4,8","3,5",3,3,3,3,3
Algeria,"9,7","14,6","6,6","7,8","6,3","10,4",14,"5,9","5,9","9,2","9,3","25,9","31,7","20,5",29,"29,8","18,7","5,7",5,"2,6","0,3","4,2","1,4","4,3",4,"1,4","2,3","3,7","4,9","5,7","3,9","4,5","8,9","3,3","2,9","4,8","6,4","5,6","4,3",2,"2,4","7,2","9,3","9,3","7,6","6,4","6,1","5,5","5,2",5
Andorra,no data,no data,no data,no data,no data,no data,no data,no data,no data,no data,no data,no data,no data,no data,no data,no data,no data,no data,no data,no data,no data,no data,"3,1","3,1","2,9","3,5","3,7","2,7","4,3","-1,2","1,7","2,6","1,5","0,5","-0,1","-1,1","-0,4","2,6",1,"0,5","0,1","1,7","6,2","5,6","4,3","2,4","2,1","1,7","1,7","1,7"
Angola,"46,7","1,4","1,8","1,8","1,8","1,8","1,8","1,8","1,8","1,8","1,8","85,3","299,1","1379,5","949,8","2672,2",4146,"221,5","107,4","248,2",325,"152,6","108,9","98,2","43,5",23,"13,3","12,2","12,5","13,7","14,5","13,5","10,3","8,8","7,3","9,2","30,7","29,8","19,6","17,1","22,3","25,8","21,4","13,6",22,"12,8","8,5","7,4","7,4","7,4"
Antigua and Barbuda,19,"11,5","4,2","2,3","3,8",1,"0,5","3,6","6,8","4,4","6,6","4,5",3,"3,1","6,5","2,7",3,"0,4","3,3","1,1","-0,2","1,9","2,4",2,2,"2,1","1,8","1,4","5,3","-0,6","3,4","3,5","3,4","1,1","1,1",1,"-0,5","2,4","1,2","1,4","1,1","1,6","7,5","5,1","2,6",2,2,2,2,2
Argentina,no data,no data,no data,no data,no data,no data,no data,no data,no data,no data,no data,no data,no data,no data,no data,no data,no data,no data,"0,9","-1,2","-0,9","-1,1","25,9","13,4","4,4","9,6","10,9","8,8","8,6","6,3","10,5","9,8",10,"10,6",no data,no data,no data,"25,7","34,3","53,5",42,"48,4","72,4","133,5","249,8","59,6","31,8","17,5","10,4","8,9"
Armenia,no data,no data,no data,no data,no data,no data,no data,no data,no data,no data,no data,no data,no data,"3731,8","5273,4","176,7","18,7",14,"8,7","0,7","-0,8","3,2",1,"4,7","6,9","0,6","2,9","4,4","9,1","3,5","8,2","7,5","2,5","5,7",3,"3,7","-1,4","1,2","2,5","1,4","1,2","7,2","8,6",2,"3,1","3,7",4,4,4,4
Aruba,no data,no data,no data,no data,no data,no data,no data,"3,6","3,1",4,"5,8","5,6","3,9","5,2","6,3","3,4","3,2",3,"1,9","2,3","4,1","2,9","3,3","3,7","2,5","3,4","3,6","5,4",9,"-2,1","2,1","4,4","0,6","-2,4","0,4","0,5","-0,9",-1,"3,6","3,9","-1,3","0,7","5,5","3,4","2,3","1,8","1,9",2,2,2
Australia,"10,1","9,5","11,4",10,4,"6,7","9,1","8,5","7,3","7,6","7,2","3,3",1,"1,8","1,9","4,6","2,7","0,2","0,9","1,4","4,5","4,4",3,"2,7","2,3","2,7","3,6","2,4","4,3","1,8","2,9","3,4","1,7","2,5","2,5","1,5","1,3",2,"1,9","1,6","0,9","2,8","6,6","5,6","3,5",3,"2,7","2,7","2,6","2,5"
Austria,"6,3","6,8","5,4","3,3","5,7","3,2","1,7","1,4","1,9","2,2","2,8","3,1","3,4","3,2","2,7","1,6","1,8","1,2","0,8","0,5",2,"2,3","1,7","1,3",2,"2,1","1,7","2,2","3,2","0,4","1,7","3,5","2,6","2,1","1,5","0,8",1,"2,2","2,1","1,5","1,4","2,8","8,6","7,7","3,9","2,8","2,3",2,"2,1","2,1"
Azerbaijan,no data,no data,no data,no data,no data,no data,no data,no data,no data,no data,no data,no data,no data,"1129,7",1664,"411,8","19,8","3,7","-0,8","-8,5","1,8","1,8","2,8","2,1","6,7","9,6","8,3","16,7","20,8","1,5","5,7","7,9","1,1","2,4","1,4",4,"12,4","12,9","2,3","2,6","2,8","6,7","13,9","8,2","3,5",5,"4,5",4,4,4
"Bahamas, The","12,2",11,"6,1",4,4,"4,6","5,4",6,"4,1","5,4","4,6","7,3","5,6","2,7","1,4",2,"1,3","0,6","1,2","1,1","1,7","2,4","1,5","3,7","1,2","1,8",2,"2,4","4,4","1,7","1,6","3,1","1,9","0,4","1,2","1,9","-0,3","1,5","2,3","2,5",0,"2,9","5,6","3,1",2,"2,2",2,"1,9","1,9",2
Bahrain,"3,8","11,4","8,7","3,2",0,"-2,4","-2,5","-1,7","0,2","1,2","1,3","0,9","-0,3","2,6",4,"3,1","-0,2","4,6","-0,4","-1,3","-0,7","-1,2","-0,5","1,7","2,2","2,6",2,"3,3","3,5","2,8",2,"-0,3","2,8","3,3","2,6","1,8","2,8","1,4","2,1",1,"-2,3","-0,6","3,6","0,1","1,4","1,8","2,1","2,1","2,1","2,1"
Bangladesh,"7,7","14,9","13,7","11,1",10,"10,4","10,3","10,5","10,2","9,2","9,7","9,3","5,9","3,3","4,6","8,9","6,8","2,7","6,7","8,9","3,6","1,8","2,4","3,9","8,1","6,5","7,2","7,2","9,9","6,7","7,3","8,8","8,9","6,8","7,3","6,4","5,9","5,4","5,8","5,5","5,6","5,6","6,1",9,"9,3","6,1","5,7","5,5","5,5","5,5"
Barbados,"18,5","14,6","10,3","5,3","4,6","4,9","0,2","3,6","4,7","6,3",3,"6,3",6,"1,2","0,7","2,8","2,4","7,7","-1,3","1,6","0,9","4,2","0,3","1,2","0,8","4,7","7,5","4,8","6,5","5,6","5,2","7,6","7,1","2,2","1,6","0,3","-0,3","3,5","5,2","1,6","0,5","1,5",5,5,"3,9","2,8","2,4","2,4","2,4","2,4"
Belarus,no data,no data,no data,no data,no data,no data,no data,no data,no data,no data,no data,"83,5","970,3","1190,3","2220,9","709,3","52,7","63,8",73,"293,7","168,6","61,1","42,6","28,4","18,1","10,3",7,"8,4","14,8",13,"7,7","53,2","59,2","18,3","18,1","13,5","11,8",6,"4,9","5,6","5,5","9,5","15,2",5,"6,3","6,5","5,9","5,5","5,2",5
Belgium,"6,7","7,6","8,7","7,7","6,3","4,9","1,3","1,6","1,2","3,1","3,5","3,2","2,3","2,5","2,4","1,3","1,8","1,5","0,9","1,1","2,7","2,4","1,6","1,5","1,9","2,5","2,3","1,8","4,5",0,"2,3","3,3","2,6","1,3","0,5","0,6","1,8","2,2","2,3","1,2","0,4","3,2","10,3","2,3","3,6",2,"1,9","1,9",2,2
Belize,"7,1","11,2","6,8",5,"3,4","4,2","0,8",2,"5,3",0,2,"2,3","2,4","1,5","2,6","2,9","6,4",1,"-0,8","-1,2","0,6","1,1","2,2","2,6","3,1","3,7","4,2","2,3","6,4","-1,1","0,9","1,7","1,2","0,5","1,2","-0,9","0,7","1,1","0,3","0,2","0,1","3,2","6,3","4,4","3,1","2,3","1,3","1,3","1,3","1,3"
Benin,"9,6","0,8","4,1","-6,1","10,3","1,2","0,4","-1,3","3,4","-0,2","1,1","2,1","5,9","0,4","38,5","14,5","4,9","3,8","5,8","0,3",4,"3,8","2,7","1,8","1,3","4,7","5,2","1,3","6,8","0,7","2,3","2,8",7,1,"-1,1","0,2","-0,8","1,8","0,8","-0,9",3,"1,7","1,4","2,8",3,2,2,2,2,2
Bhutan,"12,5",5,"9,9","12,1",13,8,"5,2",7,"8,2","8,9","9,4","10,3","8,1","9,6","9,5","7,1","8,8","8,6","7,6","9,1","7,2","3,7","2,9","2,5","3,3","4,8","4,9","5,2","6,3","7,1","4,8","8,6","10,1","8,1","9,6","6,7","3,3","4,3","3,7","2,8",3,"8,2","5,9","4,6","4,9","4,6","4,1",4,4,4
Bolivia,"47,1","32,1","123,6","275,6","1281,3","11749,6","273,3","14,6",16,"15,2","17,1","21,4",13,"8,5","7,9","10,2","12,4","4,7","7,7","2,2","4,6","1,6","0,9","3,3","4,4","5,4","4,3","6,7",14,"3,3","2,5","9,9","4,5","5,7","5,8","4,1","3,6","2,8","2,3","1,8","0,9","0,7","1,7","2,6","4,5","4,2","3,9","3,8","3,8","3,8"
Bosnia and Herzegovina,no data,no data,no data,no data,no data,no data,no data,no data,no data,no data,no data,no data,no data,no data,no data,"12,9","-11,7","5,7","-0,3","2,8",5,"3,2","0,3","0,5","0,3","3,6","6,1","1,5","7,4","-0,4","2,1",4,"2,1","-0,1","-0,9",-1,"-1,6","0,8","1,4","0,6","-1,1",2,14,"6,1",3,"2,7","2,5",2,2,2
Botswana,"12,1","16,3","11,2","10,5","8,6","8,1",10,"9,8","8,4","11,6","11,4","12,6","16,5","14,4","10,6","10,5","10,1","8,9","6,5","7,8","8,5","6,6",8,"9,2",7,"8,6","11,6","7,1","12,6","8,1","6,9","8,5","7,5","5,9","4,4","3,1","2,8","3,3","3,2","2,7","1,9","6,7","12,2","5,1",4,"4,5","4,5","4,5","4,5","4,5"
Brazil,"90,2","101,7","100,6",135,"192,1",226,"147,1","228,3","629,1","1430,7","2947,7","432,8",952,"1927,4","2075,8",66,"15,8","6,9","3,2","4,9",7,"6,8","8,4","14,7","6,6","6,9","4,2","3,6","5,7","4,9",5,"6,6","5,4","6,2","6,3",9,"8,7","3,4","3,7","3,7","3,2","8,3","9,3","4,6","4,1",3,"3,1",3,3,3
Brunei Darussalam,no data,no data,0,"1,2","3,1","2,1","1,8","1,2","1,2","1,3","2,1","1,6","1,3","4,3","2,5",6,2,"1,7","-0,4","-0,4","1,6","0,6","-2,3","0,3","0,8","1,2","0,2",1,"2,1",1,"0,4","0,1","0,1","0,4","-0,2","-0,5","-0,3","-1,3",1,"-0,4","1,9","1,7","3,7","0,4","1,3",1,1,1,1,1
Bulgaria,0,0,"2,8","2,8","2,8","2,8","2,7","2,7","2,5","6,4","23,9","333,5",82,"72,8",96,"62,1",123,"1061,2","18,7","2,6","10,3","7,4","5,8","2,3","6,1",6,"7,4","7,6",12,"2,5",3,"3,4","2,4","0,4","-1,6","-1,1","-1,3","1,2","2,6","2,5","1,2","2,8",13,"8,6","3,4","2,7","2,2",2,2,2
Burkina Faso,"12,3","7,6","12,1","8,3","4,8","7,1","-2,7","-2,9","4,2","-0,3","-0,8","2,5",-2,"0,6","24,7","7,8","6,1","2,9","4,9","-1,1","-0,2","4,7","2,3",2,"-0,4","6,4","2,3","-0,2","10,7","0,9","-0,6","2,8","3,8","0,5","-0,3","1,7","0,4","1,5",2,"-3,2","1,9","3,9","13,8","0,9","2,1",2,2,2,2,2
Burundi,"1,2","12,2","5,9","8,2","14,3","3,8","1,7","7,1","4,5","11,7",7,9,"1,8","9,7","14,9","19,2","26,5","31,1","12,5","3,5","25,5","7,9","-1,3","10,6","8,2","13,3","2,7","8,4","24,4","10,6","6,5","9,6","18,2","7,9","4,4","5,6","5,5","16,6","-2,8","-0,7","7,3","8,3","18,9",27,22,20,16,10,10,10
Cabo Verde,"15,1","20,7","21,1","20,2","9,7","5,9","11,1","3,7","3,6","4,7","11,1","7,6","13,4","5,8","3,3","8,4",6,"8,6","4,4","4,3","-2,4","3,7","1,9","1,2","-1,9","0,4","4,8","4,4","6,8",1,"2,1","4,5","2,5","1,5","-0,2","0,1","-1,4","0,8","1,3","1,1","0,6","1,9","7,9","3,1",2,2,2,2,2,2
Cambodia,no data,no data,no data,no data,no data,no data,no data,"-31,2",23,"63,8","141,8",191,75,"114,3","10,4","10,1","7,1","10,5","12,9",2,"-0,8","-0,1",0,1,"3,9","6,3","6,1","7,7",25,"-0,7",4,"5,5","2,9","2,9","3,9","1,2",3,"2,9","2,5","1,9","2,9","2,9","5,3","2,1","2,3",3,3,3,3,3
Cameroon,"7,7","7,5","15,3","20,5","12,1","4,2","4,3","2,8","1,7","1,6","1,5","-0,6","1,9","-3,7","14,9","25,8","3,9","4,8","3,2","1,8","1,2","4,5","2,8","0,6","0,3",2,"4,9","1,1","5,3",3,"1,3",3,"2,4","2,1","1,9","2,7","0,9","0,6","1,1","2,5","2,5","2,3","6,3","7,2","5,9","5,5","4,9","3,4","2,5","2,5"
Canada,"10,2","12,5","10,8","5,8","4,3",4,"4,2","4,4",4,5,"4,8","5,6","1,5","1,9","0,2","2,1","1,6","1,6",1,"1,7","2,7","2,5","2,3","2,8","1,9","2,2",2,"2,1","2,4","0,3","1,8","2,9","1,5","0,9","1,9","1,1","1,4","1,6","2,3","1,9","0,7","3,4","6,8","3,9","2,6","1,9","1,9","1,9","1,9",2
Central African Republic,"13,3","14,7","13,2","14,6","2,6","10,5","2,4",-7,"-3,9","0,6","-0,2","-2,8","-0,8","-2,9","24,5","19,2","3,8","1,6",-2,"-1,6","3,4","4,1","2,3","4,4","-2,6","2,9","6,9","0,9","9,2","3,6","1,5","1,2","5,9",4,"17,8","1,4","4,9","4,2","1,6","2,8","0,9","4,3","5,6","3,2","4,7","4,6","3,8","3,2",3,3
Chad,"8,6","8,1","6,4","7,9","20,3","5,1","-13,1","-2,7","14,9","-4,9","0,5","4,2","-3,8","-10,9","41,3","5,4","11,3","5,6","4,3","-8,4","3,8","12,4","5,2","-1,8","-4,8","4,4","9,6","-7,4","8,3","10,1","-2,1",2,"7,5","0,2","1,7","4,8","-1,6","-0,9",4,-1,"5,3","-1,6","6,9","2,7","3,1","3,1","3,1","3,1","3,1","3,1"
Chile,"35,1","19,7","9,9","27,3","19,9","30,7","19,5","19,9","14,7",17,26,"21,8","15,5","12,7","11,5","8,2","7,4","6,1","5,1","3,3","3,8","3,6","2,5","2,8","1,1","3,1","3,4","4,4","8,7","1,5","1,4","3,3",3,"1,8","4,7","4,3","3,8","2,2","2,3","2,2",3,"4,5","11,6","7,6","3,2",3,3,3,3,3
"China, People's Republic of",no data,"2,5",2,2,"2,7","9,3","6,5","7,3","18,8",18,"3,3","3,6","6,4","14,6","24,3","16,8","8,3","2,8","-0,8","-1,4","0,3","0,7","-0,8","1,2","3,9","1,8","1,5","4,8","5,8","-0,7","3,3","5,4","2,6","2,6",2,"1,4",2,"1,6","2,1","2,9","2,5","0,9",2,"0,2",1,2,2,2,2,2
Colombia,"25,9","27,4","24,9","19,5","16,3","23,9","18,8","23,3","28,1","25,9","29,1","30,3",27,"22,4","22,9","20,9","20,8","18,5","18,7","10,9","9,2",8,"6,3","7,1","5,9",5,"4,3","5,5",7,"4,2","2,3","3,4","3,2",2,"2,9",5,"7,5","4,3","3,2","3,5","2,5","3,5","10,2","11,7","6,4","3,6",3,3,3,3
Comoros,"13,3","6,5","15,2","9,2","6,1","8,4","-11,3","3,3","0,3","4,4","-7,4","1,7","-1,4",2,"25,3","3,2","2,4","1,5","1,2","1,1","5,9","5,6","3,6","3,7","4,5",3,"3,4","4,5","4,8","4,8","3,9","2,2","5,9","0,4",0,"0,9","0,8","0,1","1,7","3,7","0,8",0,"12,4","8,5",2,"2,2","2,1","1,9","1,9","1,9"
"Congo, Dem. Rep. of the",40,"34,9","37,1","76,7","52,6","23,5","46,7","90,4","82,7","104,1","81,3","2154,4","4129,2","1986,9","23773,1","541,8",617,199,"29,1","284,9",550,"357,3","25,3","12,8",4,"21,5","12,8","16,7",18,"46,1","23,5","14,9","0,9","0,9","1,2","0,7","3,2","35,7","29,3","4,7","11,4",9,"9,3","19,9","17,2","8,5",7,7,7,7
"Congo, Republic of ","7,3","0,8","3,5","3,5","3,5","3,5","3,5","3,5",-13,"-9,6","0,3","9,4","-3,2","-4,1","7,5","6,3","7,4","12,7","2,2",3,"0,5","0,8",3,"1,7","3,7","2,5","4,7","2,6",6,"4,3","0,4","1,8",5,"4,6","0,9","3,2","3,2","0,4","1,2","0,4","1,4",2,3,"4,5","3,6",3,3,3,3,3
Costa Rica,"18,1","36,8","90,3","32,5",12,"15,1","11,8","16,8","20,8","16,5","19,1","20,2","21,8","9,8","13,5","23,2","17,5","13,2","11,7",10,11,"11,3","9,2","9,4","12,3","13,8","11,5","9,4","13,4","7,8","5,7","4,9","4,5","5,2","4,5","0,8",0,"1,6","2,2","2,1","0,7","1,7","8,3","0,5","0,3","2,9",3,3,3,3
Croatia,no data,no data,no data,no data,no data,no data,no data,no data,no data,no data,no data,no data,no data,"1518,5","97,5",2,"3,6","3,7","6,7",4,"4,6","4,3","2,5","2,4","2,1",3,"3,3","2,7","5,8","2,2","1,1","2,2","3,4","2,3","0,2","-0,3","-0,6","1,3","1,6","0,8",0,"2,7","10,7","8,4","3,7","2,2","2,2","2,2","2,2","2,2"
Cyprus,"13,5","10,7","6,4",5,6,5,"1,2","2,7","3,4","3,8","4,5",5,"6,5","4,9","4,7","2,6","2,6","3,3","2,3","1,1","4,9",2,"2,8",4,"1,9",2,"2,3","2,2","4,4","0,2","2,6","3,5","3,1","0,4","-0,3","-1,5","-1,2","0,7","0,8","0,5","-1,1","2,2","8,1","3,9","2,3",2,2,"1,9","1,9","1,9"
Czech Republic,no data,no data,no data,no data,no data,no data,no data,no data,no data,no data,no data,no data,no data,no data,no data,no data,"8,8","8,6","10,7","2,1","3,8","4,7","1,9","0,1","2,8","1,9","2,5","2,9","6,4",1,"1,5","1,9","3,3","1,4","0,3","0,3","0,7","2,5","2,1","2,8","3,2","3,8","15,1","10,7","2,1",2,2,2,2,2
CÃ´te d'Ivoire,"8,8","8,7","7,4","5,9","4,3","1,8","6,8",7,"6,9",1,"-0,7","1,6","4,2","2,1",26,"14,1","2,7","6,3","4,5","0,7","2,5","4,4","3,1","3,3","1,5","3,9","2,5","1,9","1,7","0,5","1,8","4,9","1,3","2,6","0,5","1,2","0,6","0,6","0,6","0,8","2,4","4,2","5,2","4,4","3,8",3,"2,2","1,9",2,2
Denmark,"11,3","11,7","10,1","6,8","6,3","4,7","3,7",4,"4,5","4,8","2,6","2,2","1,9","0,9","1,8",2,"2,1","1,9","1,3",2,"2,8","2,3","2,4",2,"0,9","1,7","1,8","1,7","3,6",1,"2,2","2,7","2,4","0,5","0,4","0,2",0,"1,1","0,7","0,7","0,3","1,9","8,5","3,4","1,5",2,2,2,2,2
Djibouti,no data,no data,no data,no data,no data,no data,no data,no data,no data,no data,no data,"6,8","3,4","4,4","6,5","4,9","3,5","2,5","2,2","-0,4","1,2","1,9","1,4","1,6","2,4","3,3","3,5","5,9","8,7","5,6","2,5","5,2","4,2","1,1","1,3","-0,5","2,4","0,6","0,1","3,3","1,8","1,2","5,2","1,8","1,8","1,9",2,2,2,2
Dominica,"23,9","13,3","4,4","4,2","2,1","2,1",3,"4,8","2,3","7,7","3,2","5,6","5,3","1,6",0,"1,3","1,7","2,4",1,"1,2","0,8","1,6","0,2","1,5","2,4","1,7","2,6","3,2","6,4",0,"2,8","1,1","1,4",0,"0,8","-0,9","0,1","0,3",1,"1,5","-0,7","1,6","7,7","3,5","2,8","2,1",2,2,2,2
Dominican Republic,"21,7","7,5","7,6","5,6","20,2","45,3","7,6","13,6","43,9","40,7","50,5","47,1","4,3","5,3","8,3","12,5","5,4","8,3","4,8","6,5","7,7","8,9","5,2","27,4","51,5","4,2","7,6","6,1","10,6","1,4","6,3","8,5","3,7","4,8",3,"0,8","1,6","3,3","3,6","1,8","3,8","8,2","8,8","4,8","4,2",4,4,4,4,4
Ecuador,13,"16,4","16,3","48,4","31,2",28,23,"29,5","58,2","75,6","48,5","48,8","54,3",45,"27,4","22,9","24,4","30,6","36,1","52,2","96,1","37,7","12,5","7,9","2,7","2,2","3,3","2,3","8,4","5,2","3,6","4,5","5,1","2,7","3,6",4,"1,7","0,4","-0,2","0,3","-0,3","0,1","3,5","2,2","1,4","1,5","1,5","1,5","1,5","1,5"
Egypt,"20,5","10,4","14,9",16,"17,1","12,1","23,9","25,2","15,2","20,1","21,2","14,7","21,1",11,9,"9,4","7,1","6,2",5,"3,7","2,8","2,4","2,3","3,4","8,2","8,7","4,3","10,9","11,7","16,2","11,7","11,1","8,7","6,9","10,1",11,"10,2","23,5","20,9","13,9","5,7","4,5","8,5","24,4","32,5","25,7","13,1","10,8",8,"6,1"
El Salvador,"17,4","14,8","11,7","13,1","11,7","22,3","31,9","24,8","19,8","17,7","28,3","14,4","11,2","18,5","10,6",10,"9,8","4,5","2,5","0,5","2,3","3,7","1,9","2,1","4,5","4,7",4,"4,6","7,3","0,5","1,2","5,1","1,7","0,8","1,1","-0,7","0,6",1,"1,1","0,1","-0,4","3,5","7,2",4,"0,9","1,7","1,8","1,8","1,8","1,8"
Equatorial Guinea,0,"16,7","38,3","60,1","59,5",84,"-17,6","-13,2","2,5","6,1","0,9","-3,4","-4,3","5,5","31,8","19,9","4,5",3,"7,9","0,4","4,8","8,7","7,6","7,3","4,2","5,6","4,5","2,8","4,7","5,7","5,3","4,8","3,4","3,2","4,3","1,7","1,4","0,7","1,3","1,2","4,8","-0,1","4,9","2,5","4,4","1,8","2,6","2,2",2,"1,5"
Eritrea,no data,no data,no data,no data,no data,no data,no data,no data,no data,no data,no data,no data,no data,"4,8","13,1",12,"10,3","3,7","9,5","8,4","19,9","14,6","16,9","22,7","25,1","12,5","7,7","9,4","22,2","33,9","10,3","5,9",6,"6,3","8,4","28,5","-5,6","-13,3","-14,4","1,3",no data,no data,no data,no data,no data,no data,no data,no data,no data,no data
Estonia,no data,no data,no data,no data,no data,no data,no data,no data,no data,no data,no data,no data,no data,no data,"47,7",29,"19,7","9,3","8,8","3,1","3,9","5,6","3,6","1,4",3,"4,1","4,4","6,7","10,6","0,2","2,7","5,1","4,2","3,2","0,5","0,1","0,8","3,7","3,4","2,3","-0,6","4,5","19,4","9,1","4,2","2,5","2,5","2,5","2,5","2,5"
Eswatini,"18,2","20,1","10,8","11,6","12,9","20,5","13,7","13,4","20,4","7,5","13,1","8,9","7,6",12,"13,8","12,3","6,4","7,9","7,5","5,9","9,9","7,5","11,9","7,3","3,5","4,9","5,2","8,1","12,7","7,4","4,5","6,1","8,9","5,6","5,7",5,"7,8","6,2","4,8","2,6","3,9","3,7","4,8","4,9","3,9","3,1",3,3,3,3
Ethiopia,"12,4","1,9","7,8","3,6","-0,3","18,4","5,5","-9,1","2,2","9,6","5,2","20,9",21,10,"1,2","13,4","0,9","-6,4","3,6","7,9","0,7","-8,2","1,7","17,8","3,2","11,7","13,6","17,2","44,4","8,5","8,1","33,2","24,1","8,1","7,4","9,6","6,6","10,7","13,8","15,8","20,4","26,8","33,9","30,2","25,6","18,2","14,3","14,3","14,3","14,3"
Fiji,"14,5","11,2",7,"6,8","5,3","4,4","1,8","5,7","11,8","6,2","8,2","6,5","4,9","5,2","0,8","2,2",3,"3,4","5,7",2,"1,1","4,3","0,7","4,2","2,8","2,3","2,5","4,8","7,7","3,7","3,7","7,3","3,4","2,9","0,5","1,4","3,9","3,3","4,1","1,8","-2,6","0,2","4,3","2,3",4,"3,2","3,1",3,"2,9","2,8"
Finland,"11,6",12,"9,3","8,4",7,"5,8","2,9","4,1","5,1","6,6",5,"4,5","3,3","3,3","1,6","0,4","1,1","1,2","1,3","1,3",3,"2,7",2,"1,3","0,1","0,8","1,3","1,6","3,9","1,6","1,7","3,3","3,2","2,2","1,2","-0,2","0,4","0,8","1,2","1,1","0,4","2,1","7,2","4,3","1,2","1,9",2,2,2,2
France,"13,1","13,3",12,"9,5","7,7","5,8","2,5","3,3","2,7","6,6","0,3","3,4","2,5","2,2","1,7","1,8","2,1","1,3","0,7","0,6","1,8","1,8","1,9","2,2","2,3","1,9","1,9","1,6","3,2","0,1","1,7","2,3","2,2",1,"0,6","0,1","0,3","1,2","2,1","1,3","0,5","2,1","5,9","5,7","2,4","1,8","1,8","1,8","1,8","1,7"
Gabon,"12,3","8,6","16,7","10,4","5,9","7,3","6,4",-1,"-9,8","6,9","15,4","-9,8","-9,5","0,5","36,1","9,6","0,7",4,"1,4","-1,9","0,5","2,1","0,2","2,1","0,4","1,2","-1,4",-1,"5,3","1,9","1,4","1,3","2,7","0,5","4,5","-0,1","2,1","2,7","4,8",2,"1,7","1,1","4,3","3,6","2,1","2,2","2,2","2,3","2,4","2,4"
"Gambia, The",5,"7,9","8,2","10,6","22,1","18,3","56,6","23,7","11,5","8,3","12,2","8,6","9,5","6,5","1,7",7,"1,1","2,8","1,1","3,8","0,9","4,5","8,6",17,"14,3",5,"2,1","5,4","4,5","4,6",5,"4,8","4,6","5,2","6,3","6,8","7,2",8,"6,5","7,1","5,9","7,4","11,5",17,"15,1","10,5","6,6",5,5,5
Georgia,no data,no data,no data,no data,no data,no data,no data,no data,no data,no data,no data,no data,no data,no data,no data,no data,no data,"7,2","3,6","19,1",4,"4,7","5,6","4,8","5,7","8,2","9,2","9,2",10,"1,7","7,1","8,5","-0,9","-0,5","3,1",4,"2,1",6,"2,6","4,9","5,2","9,6","11,9","2,5","2,6","4,2","3,4",3,3,3
Germany,"5,4","6,3","5,3","3,3","2,4","2,1","-0,1","0,2","1,3","2,8","2,7","3,5",5,"4,5","2,7","1,7","1,3","1,5","0,6","0,6","1,4","1,9","1,3","1,1","1,8","1,9","1,8","2,3","2,8","0,2","1,1","2,5","2,2","1,6","0,8","0,7","0,4","1,7","1,9","1,4","0,4","3,2","8,7",6,"2,4",2,2,2,2,2
Ghana,50,"116,5","22,5","122,2",40,"10,3","24,5","39,8","31,4","25,2","37,2","18,1",10,"24,9","24,9","59,3","44,5","24,8","19,2","12,5","25,1","32,9","14,8","26,6","12,7","15,1","11,7","10,7","16,5","13,1","6,7","7,7","7,1","11,7","15,5","17,2","17,5","12,4","9,8","7,1","9,9",10,"31,7","37,5","22,3","11,5",8,8,8,8
Greece,"24,9","24,5","21,1","20,2","18,5","19,3",23,"16,4","13,5","13,7","20,4","19,5","15,9","14,4","10,9","8,8","7,9","5,4","4,5","2,1","2,9","3,6","3,9","3,4",3,"3,5","3,3",3,"4,2","1,3","4,7","3,1",1,"-0,9","-1,4","-1,1",0,"1,1","0,8","0,5","-1,3","0,6","9,3","4,2","2,7","2,1",2,"1,9","1,9","1,9"
Grenada,"21,8","18,8","7,8","6,1","5,7","2,5","0,6","-0,9",4,"5,6","2,7","2,6","3,8","2,8","6,4",3,2,"1,2","1,4","0,6","2,1","1,7","1,1","2,2","2,3","3,5","4,3","3,9",8,"-0,3","3,4",3,"2,4",0,-1,"-0,6","1,7","0,9","0,8","0,6","-0,7","1,2","2,6",3,"1,7",2,2,2,2,2
Guatemala,"10,7","11,4","4,9","6,7","3,2","19,2","32,8","10,8","10,3",13,38,"35,1","10,2","13,4","12,5","8,4","11,1","9,2","6,6","5,2",6,"7,3","8,1","5,6","7,6","9,1","6,6","6,8","11,4","1,9","3,9","6,2","3,8","4,3","3,4","2,4","4,4","4,4","3,7","3,7","3,2","4,3","6,9","6,2",4,4,4,4,4,4
Guinea,40,35,"29,9","30,3",26,19,"64,7","36,9","27,3","28,3","25,7","19,7","16,6","7,1","4,2","5,6",3,"1,9","5,1","4,6","6,8","5,4",3,11,"17,5","31,4","34,7","22,9","18,4","4,7","15,5","21,4","15,2","11,9","9,7","8,2","8,2","8,9","9,8","9,5","10,6","12,6","10,5","7,8",11,"10,2","9,7","9,2","8,7","8,6"
Guinea-Bissau,"64,8","41,9","16,5","23,3","64,9","112,7","26,5","86,8","60,3","80,8",33,"57,6","69,4","48,2","15,2","45,1","50,9","49,1","8,1","-2,1","8,6","3,3","3,3","-3,5","0,8","3,4",2,"4,6","10,4","-1,6","1,1","5,1","2,1","0,8",-1,"1,5","2,7","-0,2","0,4","0,3","1,5","3,3","7,9","7,2",3,2,2,2,2,2
Guyana,"14,1","22,2","20,6","15,3","25,1",15,"7,9","28,7","39,9","89,5","64,3","103,1","26,7","8,4","12,4","12,2","7,1","3,6","4,6","7,5","6,1","2,6","5,4",6,"4,7","6,9","6,7","12,2","8,1",3,"4,3","4,4","2,4","1,9","0,7","-0,9","0,8","1,9","1,3","2,1","1,2","3,3","6,5","4,5","2,8","4,6","5,5","5,5","5,5","5,7"
Haiti,"19,1","10,9","7,4","10,2","6,4","10,6","3,3","-11,4","4,1","6,9","21,3","15,4","19,4","22,6","42,6","30,2","20,6","11,6","6,6","2,8","6,4","15,5","6,6","22,2","25,7","14,1",13,"6,9","12,5","5,6","2,9","5,2","5,7","5,3","3,2","5,3","11,4","10,6","11,4","17,3","22,9","15,9","27,6","44,1",23,"14,3","12,5","11,5","11,5","11,5"
Honduras,"18,1","9,4",9,"8,2","4,7","3,4","4,4","2,5","4,5","9,9","23,3","33,9","8,7","10,8","21,8","29,4","23,8","20,2","13,7","11,7",11,"9,7","7,7","7,7","8,1","8,8","5,6","6,9","11,4","5,5","4,7","6,8","5,2","5,2","6,1","3,2","2,7","3,9","4,3","4,4","3,5","4,5","9,1","6,7","4,4","4,1",4,4,4,4
Hong Kong SAR,"4,4","9,5",11,"9,9","8,5","3,6","3,6","5,7","7,8","10,2","10,3","11,2","9,6","8,8","8,8",9,"6,3","5,8","2,8",-4,"-3,7","-1,6",-3,"-2,6","-0,4","0,9",2,2,"4,3","0,6","2,3","5,3","4,1","4,3","4,4",3,"2,4","1,5","2,4","2,9","0,3","1,6","1,9","2,1","2,3","2,3","2,4","2,5","2,5","2,5"
Hungary,"9,3","4,5",7,"6,4","8,7",7,"5,3","8,7","15,8","16,9",29,"34,2","22,9","22,5","18,9","28,3","23,5","18,3","14,2",10,"9,8","9,2","5,3","4,7","6,8","3,6","3,9",8,"6,1","4,2","4,9","3,9","5,7","1,7","-0,2","-0,1","0,4","2,4","2,8","3,4","3,3","5,1","14,6","17,1","3,7","3,5","2,9",3,3,3
Iceland,"58,5","50,9",51,"84,3","29,2","32,4","21,3","18,8","25,5","14,5","15,5","6,8",4,"4,1","1,6","1,7","2,3","1,8","1,7","3,2","5,1","6,4","5,2","2,1","3,2",4,"6,7","5,1","12,7",12,"5,4",4,"5,2","3,9",2,"1,6","1,7","1,8","2,7",3,"2,8","4,5","8,3","8,7","5,6","3,4","2,5","2,5","2,5","2,5"
India,"11,3","12,7","7,7","12,6","6,5","6,3","8,9","9,1","7,2","4,6","11,2","13,5","9,9","7,3","10,3",10,"9,4","6,8","13,1","3,4","3,8","4,4",5,"4,1",4,"3,7","6,7","5,9","9,2","10,6","9,4","8,1",10,"9,4","5,8","4,9","4,5","3,6","3,4","4,8","6,2","5,5","6,7","5,4","4,6","4,2","4,1",4,4,4
Indonesia,18,"12,2","9,5","11,8","10,5","4,7","5,8","9,3","8,1","6,4","7,8","9,4","7,5","9,7","8,5","9,4",8,"6,2","58,4","20,5","3,7","11,5","11,9","6,8","6,1","10,5","13,1","6,3","9,9","4,8","5,1","5,3",4,"6,4","6,4","6,4","3,5","3,8","3,3","2,8",2,"1,6","4,1","3,7","2,6","2,6","2,5","2,5","2,5","2,5"
Iran,"20,6","24,2","18,7","19,7","12,6","4,4","23,7","27,7","28,9","17,4",9,"20,2","24,5","22,5","34,9","49,3","23,9","16,5","18,5","20,2","12,3","11,5","15,8","15,6","15,3","10,3",12,"18,4","25,3","10,8","12,3","21,5","30,6","34,7","15,6","11,9","9,1","9,6","30,2","34,7","36,4","40,2","45,8","41,5","37,5","32,5","27,5",25,25,25
Iraq,no data,no data,no data,no data,no data,no data,no data,no data,no data,no data,no data,no data,no data,no data,no data,no data,no data,no data,no data,no data,no data,no data,no data,no data,no data,37,"53,2","30,8","2,7","-2,8","2,4","5,6","6,1","1,9","2,2","1,4","0,5","0,2","0,4","-0,2","0,6",6,5,"4,4",4,4,"3,8","3,8","3,7","3,6"
Ireland,"18,3","20,2","17,2","10,4","8,6","5,5",3,"3,2","2,2",4,"3,4","3,1","3,1","1,4","2,4","2,5","2,2","1,3","2,1","2,4","5,3",4,"4,7",4,"2,3","2,2","2,7","2,9","3,1","-1,7","-1,6","1,2","1,9","0,5","0,3",0,"-0,2","0,3","0,7","0,9","-0,4","2,4",8,"5,2","2,4",2,2,2,2,2
Israel,"316,6","116,8","120,4","145,6","373,8","304,6","48,2","19,9","16,2","20,2","17,2",19,"11,9","10,9","12,3",10,"11,3",9,"5,4","5,2","1,1","1,1","5,7","0,7","-0,4","1,3","2,1","0,5","4,6","3,3","2,7","3,5","1,7","1,5","0,5","-0,6","-0,5","0,2","0,8","0,8","-0,6","1,5","4,4","4,2","2,4","2,5","2,1","2,1",2,2
Italy,"21,8","19,5","16,5","14,7","10,7",9,"5,8","4,7","5,1","6,2","6,4","6,2",5,"4,5","4,2","5,4",4,"1,8",2,"1,7","2,6","2,3","2,6","2,8","2,3","2,2","2,2",2,"3,5","0,8","1,6","2,9","3,3","1,2","0,2","0,1","-0,1","1,3","1,2","0,6","-0,1","1,9","8,7","5,9","1,7",2,2,2,2,2
Jamaica,18,"9,2","6,8","16,7","31,3","29,7","24,4","11,2","8,2","16,1","24,8",51,"77,3","21,6","35,5","19,9","26,4","9,7","8,6",6,"8,1","6,9",7,"10,1","13,5","15,1","8,5","9,3",22,"9,6","12,6","7,5","6,9","9,4","8,3","3,7","2,3","4,4","3,7","3,9","5,2","5,9","10,3","6,5",7,5,5,5,5,5
Japan,"7,8","4,9","2,7","1,9","2,3",2,"0,6","0,1","0,7","2,3","3,1","3,3","1,7","1,3","0,7","-0,1","0,1","1,7","0,7","-0,3","-0,7","-0,7","-0,9","-0,3",0,"-0,3","0,3",0,"1,4","-1,3","-0,7","-0,3",0,"0,3","2,8","0,8","-0,1","0,5",1,"0,5",0,"-0,2","2,5","3,3","2,2","2,1",2,2,2,2
Jordan,"10,9","7,7","7,6",5,4,"2,8",0,"-0,2","6,7","25,7","16,2","8,2",4,"3,3","3,5","2,4","6,5",3,"3,1","0,6","0,7","1,8","1,8","1,6","3,4","3,5","6,3","4,3","12,7","-1,3","4,9","4,2","4,6","4,9",3,"-1,1","-0,6","3,6","4,5","0,7","0,4","1,3","4,2","2,2","2,7","2,4","2,5","2,5","2,5","2,5"
Kazakhstan,no data,no data,no data,no data,no data,no data,no data,no data,no data,no data,no data,no data,no data,"1662,3",1402,"176,4","39,2","17,4","7,1","8,3","13,2","8,4","5,9","6,4","6,9","7,5","8,6","10,8","17,1","7,3","7,1","8,4","5,1","5,8","6,7","6,7","14,6","7,4",6,"5,2","6,8",8,15,"14,6","8,7",7,"6,1","5,4","5,1",5
Kenya,"13,9","11,6","20,7","11,4","10,3",13,"2,5","8,6","12,3","13,8","17,8","20,1","27,3",46,"28,8","1,6","6,8","11,3","5,4","5,8",10,"5,7",2,"9,8","11,8","9,9",6,"4,3","15,1","10,5","4,1",14,"9,4","5,7","6,9","6,6","6,3",8,"4,7","5,2","5,3","6,1","7,6","7,7","6,6","5,5","5,3","4,9",5,5
Kiribati,"16,1","7,7","5,5","6,3","5,4","4,5","6,6","-10,2","1,1","5,6",4,"6,1","4,2","6,1",4,"4,1","-1,7","2,6","3,7","1,8","0,4",6,"3,2","1,6","-0,7","-0,4",-1,"3,6","13,7","9,8","-3,9","1,5",-3,"-1,5","2,1","0,6","1,9","0,4","0,6","-1,8","2,6","2,1","5,3","9,3","4,5",3,"2,5",2,"1,9","1,8"
"Korea, Republic of","28,7","21,4","7,2","3,4","2,3","2,5","2,8",3,"7,1","5,7","8,6","9,3","6,2","4,8","6,3","4,5","4,9","4,4","7,5","0,8","2,3","4,1","2,8","3,5","3,6","2,8","2,2","2,5","4,7","2,8","2,9",4,"2,2","1,3","1,3","0,7",1,"1,9","1,5","0,4","0,5","2,5","5,1","3,6","2,5",2,2,2,2,2
Kosovo,no data,no data,no data,no data,no data,no data,no data,no data,no data,no data,no data,no data,no data,no data,no data,no data,no data,no data,no data,no data,no data,"11,7","2,7","1,2","-1,1","-1,4","0,6","4,3","9,3","-2,4","3,5","7,3","2,5","1,8","0,4","-0,5","0,2","1,5","1,1","2,7","0,2","3,3","11,7","5,2","3,5","2,3","1,9",2,2,2
Kuwait,no data,no data,no data,no data,no data,no data,no data,no data,no data,no data,no data,no data,no data,no data,no data,no data,no data,no data,no data,no data,no data,no data,no data,no data,no data,no data,no data,no data,no data,no data,no data,no data,no data,no data,"2,9","3,3","2,9","1,6","0,6","1,1","2,1","3,4",4,"3,6","3,2","2,7","2,4","2,1","1,8","1,8"
Kyrgyz Republic,no data,no data,no data,no data,no data,no data,no data,no data,no data,no data,no data,no data,"-71,3","1086,2","180,7","42,2","31,9","23,4","10,5","35,9","19,7","6,9","2,1",3,"4,1","4,3","5,6","10,2","24,5","6,8",8,"16,6","2,8","6,6","7,5","6,5","0,4","3,2","1,5","1,1","6,3","11,9","13,9","10,8","6,7","6,6","5,5","4,8",4,4
Lao P.D.R.,"188,8","33,7","70,4","62,5","27,2","114,7",35,"6,1","14,8","59,7","-26,3","13,4","9,8","5,7","7,7","19,1","19,1","19,5","90,1","128,4","8,4","7,8","10,6","15,5","10,5","7,2","6,5","4,7","7,6","0,1",6,"7,6","4,3","6,4","4,1","1,3","1,6","0,8",2,"3,3","5,1","3,8",23,"31,2","21,5","14,7",7,3,3,3
Latvia,no data,no data,no data,no data,no data,no data,no data,no data,no data,no data,no data,no data,no data,"109,2","35,9",25,"17,6","8,1","4,3","2,1","2,6","2,5",2,"2,9","6,2","6,9","6,6","10,1","15,3","3,3","-1,2","4,2","2,3",0,"0,7","0,2","0,1","2,9","2,6","2,7","0,1","3,2","17,2","9,1",2,"3,6","2,2","2,3","2,3","2,3"
Lebanon,"23,9","19,3","18,6","7,2","17,6","69,4","95,4","487,2",155,"72,2","68,9","50,1","99,8","24,7","8,2","10,3","8,9","7,7","4,5","0,2","-0,4","-0,4","1,8","1,3","1,7","-1,4","4,1","4,1","10,7","1,2",4,5,"6,6","5,6","1,1","-3,8","-0,8","4,5","6,1","2,9","84,9","154,8","171,2",no data,no data,no data,no data,no data,no data,no data
Lesotho,"19,6","12,2","12,4","17,5","10,8","13,2","18,2","11,6","11,6","14,8","11,5","17,9",17,"13,8","7,3",10,"9,1","8,5","7,8","8,6","6,1","6,9","12,6","7,2",5,"3,4","6,1",8,"10,7","7,4","3,5",5,"6,1","4,9","5,4","3,2","6,6","4,4","4,8","5,2",5,6,"8,3","6,3","6,4","5,4","5,4","5,1",5,5
Liberia,no data,no data,no data,no data,no data,no data,no data,no data,no data,no data,no data,no data,no data,no data,no data,no data,no data,no data,no data,2,"5,3","12,1","14,2","10,3","3,6","6,9","9,5","11,4","17,5","7,4","7,3","8,5","6,8","7,6","9,9","7,7","8,8","12,4","23,5",27,17,"7,8","7,6","10,1","6,3","5,1","5,1","4,9","4,9","4,8"
Libya,"14,3","13,2","13,8","10,5","12,4","9,1","3,4","4,4","3,1","4,5","0,7","11,7","9,4","7,5","10,7","8,3",4,"3,6","3,7","2,6","-2,9","-8,8","-9,9","-2,1","1,3","2,7","1,5","6,2","10,4","2,4","2,5","15,9","6,1","2,6","2,4",10,"25,9","25,9",14,"-2,9","1,5","2,9","4,5","3,4","2,9","2,9","2,9","2,9","2,6","2,6"
Lithuania,no data,no data,no data,no data,no data,no data,no data,no data,no data,no data,no data,no data,no data,no data,no data,no data,"23,1","8,7","5,4","1,4","1,1","1,5","0,3","-1,1","1,2","2,7","3,8","5,8","11,1","4,2","1,2","4,1","3,2","1,2","0,2","-0,7","0,7","3,7","2,5","2,2","1,1","4,6","18,9","8,7","1,5","2,3","2,2","2,3","2,3","2,3"
Luxembourg,"6,3","8,1","9,4","8,7","5,6","4,1","0,3","-0,1","1,4","3,4","3,7","3,1","3,2","3,6","2,2","1,9","1,2","1,4",1,1,"3,8","2,4","2,1","2,5","3,2","3,8",3,"2,7","4,1",0,"2,8","3,7","2,9","1,7","0,7","0,1",0,"2,1",2,"1,7",0,"3,5","8,2","2,9","2,5","3,1","2,1",2,2,"2,1"
Macao SAR,no data,no data,no data,no data,no data,no data,no data,no data,no data,no data,no data,no data,no data,no data,no data,no data,no data,no data,no data,no data,no data,no data,"-2,6","-1,6",1,"4,4","5,1","5,6","8,6","1,2","2,8","5,8","6,1","5,5",6,"4,6","2,4","1,2",3,"2,8","0,8",0,1,"0,9","1,7","2,3","2,4","2,5","2,5","2,5"
Madagascar,"18,3","30,5","31,9","19,5","9,7","10,6","14,5","15,5","26,3",9,"11,9","8,5","14,6",10,39,49,"19,8","4,5","6,2","7,2","11,6","7,9","16,5","-1,7",14,"18,4","10,8","10,3","9,3",9,"9,2","9,5","5,7","5,8","6,1","7,4","6,1","8,6","8,6","5,6","4,2","5,8","8,2","9,9","7,8","7,3","6,9","6,4",6,"5,9"
Malawi,"19,2",12,"9,5","13,8","19,7","10,6","14,2","25,1","33,8","12,5","11,9","8,2","23,2","22,8","34,7","83,1","37,7","9,1","29,8","44,8","29,6","22,7","14,7","9,6","11,4","15,5","13,9","7,9","8,7","8,4","7,4","7,6","21,3","28,3","23,8","21,9","21,7","11,5","9,2","9,4","8,6","9,3","20,8","30,3","27,9","14,7","8,1","6,8","6,5","6,5"
Malaysia,"6,7","9,7","5,8","3,7","3,9","2,6","0,4","0,7","0,3","2,6",3,"4,3","4,8","3,5","3,7","3,5","3,5","2,7","5,3","2,7","1,6","1,4","1,8","1,1","1,4",3,"3,6",2,"5,4","0,6","1,7","3,2","1,7","2,1","3,1","2,1","2,1","3,8",1,"0,7","-1,1","2,5","3,4","2,5","2,8","2,5","2,2",2,2,"2,1"
Maldives,"27,9","11,1","-0,8","9,9",1,"-9,2","9,1","11,7","6,5","7,2","15,5","12,5","16,9","20,1","3,4","5,5","6,2","7,6","-1,4",3,"-1,2","0,7","0,9","-2,8","6,3","2,5","3,5","6,8",12,"4,5","6,1","11,3","10,9",4,"2,4","1,4","0,8","2,3","1,4","1,3","-1,6","0,2","2,6","2,6","3,8",3,2,2,2,2
Mali,"20,3","12,7","3,9","10,5","10,7","9,1","-1,4","-14,9","8,9","-0,2","1,6","1,5","-5,9","-0,6","24,3","11,6","6,5","-0,7","4,1","-1,2","-0,8","5,2",5,"-1,3","-3,1","6,4","1,6","1,4","9,2","2,4","1,2",3,"5,3","-0,6","0,9","1,4","-1,8","2,4","1,9",-3,"0,5","3,8","9,7","2,1",1,2,2,2,2,2
Malta,"2,7","11,6","5,8","-0,9","-0,4","-0,2",2,"0,4","0,9","0,9",3,"2,6","1,8",4,"4,1",4,2,"3,9","3,7","2,3",3,"2,5","2,6","1,9","2,7","2,5","2,6","0,7","4,7","1,8",2,"2,5","3,2",1,"0,8","1,2","0,9","1,3","1,7","1,5","0,8","0,7","6,1","5,7","2,9","2,1",2,2,2,2
Marshall Islands,no data,no data,no data,no data,no data,no data,no data,no data,no data,no data,no data,no data,no data,no data,no data,no data,no data,no data,no data,no data,no data,no data,no data,no data,2,"3,5","5,3","2,6","14,7","0,5","1,8","5,4","4,3","1,9","1,1","-2,2","-1,5","0,1","0,8","-0,1","-0,7","2,2","3,2","6,8","4,3","2,3",2,2,2,2
Mauritania,no data,no data,no data,no data,no data,no data,no data,no data,no data,no data,no data,"5,6","10,1","9,4","4,1","6,5","4,7","4,6",8,"4,1","3,3","4,7","3,9","5,2","10,4","12,1","6,2","7,3","7,5","2,1","6,3","5,7","4,9","4,1","3,8","0,5","1,5","2,3","3,1","2,3","2,4","3,6","9,6","4,9","2,8",4,4,4,4,4
Mauritius,33,"26,4","13,4","7,5","5,5","8,3","4,3","0,7","3,6","13,6","10,7","12,8","2,9","15,3","7,3",6,"6,6","6,8","6,8","6,9","4,2","5,4","6,4","2,7","4,7","4,9","8,9","8,8","9,7","2,5","2,9","6,5","3,9","3,5","3,2","1,3",1,"3,7","3,2","0,5","2,5",4,"10,8",7,"4,9","3,6","3,8","3,5","3,5","3,5"
Mexico,"26,5",28,"59,1","101,8","65,4","57,8","86,4",132,"113,5","19,9","26,6","22,6","15,5","9,8",7,"35,1","34,3","20,6","15,9","16,6","9,5","6,4",5,"4,6","4,7",4,"3,6",4,"5,1","5,3","4,2","3,4","4,1","3,8",4,"2,7","2,8",6,"4,9","3,6","3,4","5,7","7,9","5,5",4,"3,3",3,3,3,3
"Micronesia, Fed. States of",no data,no data,no data,no data,no data,no data,no data,no data,no data,no data,no data,no data,no data,no data,no data,no data,"2,8","2,7","1,6","1,9","1,8","1,3","-0,2","-0,2","1,7","4,1","4,4","3,6","6,6","8,2","3,6","3,9","6,3","2,1","0,7",0,"-0,9","0,1",1,"2,2",1,"1,8",5,"6,2",4,3,"2,5","2,1",2,2
Moldova,no data,no data,no data,no data,no data,no data,no data,no data,no data,no data,no data,no data,no data,"788,5","329,6","30,2","23,5","11,8","7,7","39,3","31,2","9,6","5,2","11,7","12,4","11,9","12,7","12,4","12,7",0,"7,4","7,6","4,6","4,6","5,1","9,6","6,4","6,5","3,6","4,8","3,8","5,1","28,6","13,4",5,5,5,5,5,5
Mongolia,no data,no data,no data,no data,no data,no data,no data,no data,no data,no data,no data,"120,2","202,9","268,4","193,4","0,2","46,8",30,"9,6","7,5","11,4","6,3","1,1","5,1","8,2","12,7","4,3","9,6",28,"7,6","8,2","8,8","13,9","10,6","12,9","6,8","0,8","4,3","6,8","7,3","3,7","7,4","15,2","10,3","9,7",10,"8,9","7,8","7,1","6,8"
Montenegro,no data,no data,no data,no data,no data,no data,no data,no data,no data,no data,no data,no data,no data,no data,no data,no data,no data,no data,no data,no data,"29,9","23,7","19,7","7,5","3,1","3,4","2,1","3,4",9,"3,6","0,4","3,5","4,1","2,2","-0,7","1,5","-0,3","2,4","2,6","0,4","-0,2","2,4",13,"8,6","4,2","2,7","2,1",2,"1,9","1,9"
Morocco,"9,4","12,5","10,5","6,2","12,4","7,7","8,7","2,7","2,4","3,1",6,"7,9","5,8","5,3",5,"6,3","2,8","1,1","2,7","0,8","1,8","0,6","2,8","1,1","1,5","1,1","3,2",2,"3,8","-0,2",1,1,"1,3","1,8","0,5","1,6","1,5","0,8","1,6","0,2","0,7","1,4","6,6","6,1","2,2","2,5","2,4","2,2","2,1",2
Mozambique,2,"4,2","17,7","28,2",30,"30,8","40,5","164,1","58,5","42,1","43,7","33,3","45,1","42,3","63,1","47,7","48,5","7,4","1,5","2,9","12,7","9,1","16,8","13,5","12,6","6,4","13,2","10,4","14,5","3,8","12,4","11,2","2,6","4,3","2,6","3,6","17,4","15,1","3,9","2,8","3,1","5,7","9,8","6,1","4,4","5,5","5,1","5,5","5,5","5,5"
Myanmar,no data,no data,no data,no data,no data,no data,no data,no data,no data,no data,no data,no data,no data,no data,no data,no data,no data,no data,"47,3","26,8","4,3","-19,8","21,9","47,5",8,"6,9","16,6","34,4","20,9","3,7","5,9","6,8","0,4","6,4","5,7","7,3","9,1","4,6","5,9","8,6","5,7","3,6","18,4","27,1",15,"7,8","7,8","7,8","7,8","7,8"
Namibia,no data,no data,no data,no data,no data,no data,no data,no data,no data,no data,"13,7","13,5","21,6","9,3","12,1","11,1","8,7","9,7","6,6","9,4","10,2","10,2","12,7","7,2","4,1","2,3",5,"6,5","9,1","9,5","4,9",5,"6,7","5,6","5,3","3,4","6,7","6,1","4,3","3,7","2,2","3,6","6,1","5,9","4,8","4,8","4,8","4,8","4,8","4,8"
Nauru,no data,no data,no data,no data,no data,no data,no data,no data,no data,no data,no data,no data,no data,no data,no data,no data,no data,no data,no data,no data,no data,no data,no data,no data,no data,"8,7","19,3","5,6",1,"22,4",-2,"-3,4","0,3","-1,1","0,3","9,8","8,2","5,1","-14,4","4,2","1,9","1,1","3,6","6,2","4,7",3,"2,7","2,5","2,2","2,1"
Nepal,"9,8","13,4","10,4","14,2","6,2","4,1","15,9","13,3",11,"8,1","8,9","7,9","21,1","8,9",9,"7,7","7,2","8,1","8,3","11,4","3,4","2,4","2,9","4,7",4,"4,5",8,"6,2","6,7","12,6","9,6","9,6","8,3","9,9",9,"7,2","9,9","4,5","4,1","4,6","6,1","3,6","6,3","7,8","6,3","5,6","5,5","5,4","5,4","5,4"
Netherlands,no data,"6,8","5,9","2,9","3,4","2,3",0,-1,"0,5","1,1","2,5","3,2","2,8","1,6","2,1","1,3","1,4","1,9","1,8",2,"2,3","5,1","3,9","2,2","1,4","1,5","1,7","1,6","2,2",1,"0,9","2,5","2,8","2,6","0,3","0,2","0,1","1,3","1,6","2,7","1,1","2,8","11,6","4,1","2,7","2,1",2,2,2,2
New Zealand,"17,1","15,5","16,1","7,4","6,1","15,4","13,2","15,8","6,4","5,7","6,1","2,6",1,"1,3","1,7","3,8","2,3","1,2","1,3","-0,1","2,6","2,6","2,7","1,8","2,3",3,"3,4","2,4",4,"2,1","2,3",4,"1,1","1,1","1,2","0,3","0,6","1,9","1,6","1,6","1,7","3,9","7,2","5,7","3,1","2,5","2,4","2,1",2,2
Nicaragua,"35,1","23,8","28,5","33,6","141,3","571,4","885,2","13109,5","4775,2","7428,7","3004,1","116,6","21,9","13,5","3,7","11,1","11,7","9,2",13,"11,2","11,5","7,4","3,8","5,3","8,5","9,6","9,1","11,1","19,8","3,7","5,5","8,1","7,2","7,1",6,4,"3,5","3,9","4,9","5,4","3,7","4,9","10,5","8,4",5,4,4,4,4,4
Niger,"7,3","24,3","10,4","1,6","8,4","-1,1","-3,2","-6,6","0,6","-0,8",-2,"1,5","-5,9","-0,3","35,5","10,9","5,3","2,9","4,6","-2,1","2,7","3,9","2,5","-1,5","0,2","7,8",0,"0,1","11,3","0,5","0,9","2,9","0,5","2,3","-0,9",1,"0,2","0,2","2,8","-2,5","2,9","3,8","4,2","3,7","6,4","4,6","3,2",2,2,2
Nigeria,no data,no data,no data,no data,no data,no data,no data,no data,no data,no data,no data,no data,no data,no data,no data,no data,"29,3","10,7","7,9","6,6","6,9","18,9","12,9",14,15,"17,9","8,2","5,4","11,6","12,5","13,7","10,8","12,2","8,5",8,9,"15,7","16,5","12,1","11,4","13,2",17,"18,8","24,7","26,3",23,16,"15,4",14,14
North Macedonia ,no data,no data,no data,no data,no data,no data,no data,no data,no data,no data,no data,no data,no data,"338,7","126,6","16,4","2,5","1,3","0,5","-1,3","6,6","5,2","1,1","0,9","-0,4","0,5","3,2","2,3","8,3","-0,7","1,5","3,9","3,3","2,8","-0,3","-0,3","-0,2","1,4","1,5","0,8","1,2","3,2","14,2","9,4",4,"2,5",2,2,2,2
Norway,"10,9","13,6","11,3","8,5","6,2","5,7","7,2","8,7","6,7","4,5","4,1","3,4","2,3","2,3","1,4","2,5","1,3","2,6","2,3","2,4","3,1",3,"1,3","2,5","0,5","1,5","2,3","0,7","3,8","2,2","2,4","1,3","0,7","2,1",2,"2,2","3,6","1,9","2,8","2,2","1,3","3,5","5,8","5,5","3,3","2,6",2,2,2,2
Oman,10,"6,4","2,5","-2,1","-7,4",-4,"7,6","2,6","1,6","1,6",10,"4,6",1,"1,1","-0,7","-1,1","0,5","-0,4","0,4","0,5","-1,2","-0,8","-0,3","0,2","0,8","1,9","3,2","5,9","12,6","3,5","3,3","4,1","2,9","1,3","1,2","0,1","0,9","1,5","0,7","0,5","-0,4","1,7","2,5","0,9","1,3","1,5",2,2,2,2
Pakistan,"11,9","11,9","5,9","6,4","6,1","5,6","3,5","4,7","8,8","7,9","9,1","12,6","4,8","9,8","11,3",13,"10,8","11,8","7,8","5,7","3,6","4,4","3,5","3,1","4,6","9,3","7,9","7,8",12,"19,6","10,1","13,7",11,"7,4","8,6","4,5","2,9","4,1","3,9","6,7","10,7","8,9","12,1","29,2","24,8","12,7","7,6","6,5","6,5","6,5"
Palau,no data,no data,no data,no data,no data,no data,no data,no data,no data,no data,no data,no data,no data,no data,no data,no data,no data,no data,no data,no data,no data,"-0,7","-0,3","0,6","0,5","3,6","4,2",3,"9,9","4,7","1,1","2,6","5,4","2,8",4,"2,2","-1,3","1,1","2,4","0,4","0,7","-0,5","13,2","12,3","3,1","2,2","2,2","2,3","2,3","2,3"
Panama,"13,8","7,3","4,3","2,1","1,6",1,"-0,1",1,"0,4","0,1","0,8","1,5","1,8","0,5","1,3","0,9","1,3","1,3","0,6","1,3","1,4","0,3",1,"0,1","0,5","2,9","2,5","4,2","8,8","2,4","3,5","5,9","5,7",4,"2,6","0,1","0,7","0,9","0,8","-0,4","-1,6","1,6","2,9","1,5","1,7",2,2,2,2,2
Papua New Guinea,"12,1","8,1","5,5","7,9","7,4","3,7","5,5","3,3","5,4","4,5",7,7,"4,3",5,"2,8","17,3","11,6","3,9","13,6","14,9","15,6","9,3","11,8","14,7","2,2","1,8","2,4","0,9","10,8","6,9","5,1","4,4","4,5",5,"5,2",6,"6,7","5,4","4,4","3,9","4,9","4,5","5,3","2,3","4,2","4,8","4,8","4,6","4,5","4,5"
Paraguay,"22,5","13,8","5,4","12,8","20,9","24,8","31,7","21,7","22,6","25,6","38,2","24,3","15,1","18,3","20,6","13,4","9,8",7,"11,6","6,8",9,"7,3","10,5","14,2","4,3","6,8","9,6","8,1","10,2","2,6","4,6","8,2","3,7","2,7",5,"3,1","4,1","3,6",4,"2,8","1,8","4,8","9,8","4,6","3,8",4,4,4,4,4
Peru,"59,1","75,4","64,5","111,1","110,2","163,4","77,9","85,8",667,"3398,3","7481,7","409,5","73,5","48,6","23,7","11,1","11,5","8,5","7,3","3,5","3,8",2,"0,2","2,3","3,7","1,6",2,"1,8","5,8","2,9","1,5","3,4","3,7","2,8","3,2","3,5","3,6","2,8","1,3","2,1","1,8",4,"7,9","6,3","2,3",2,2,2,2,2
Philippines,"18,2","13,1",9,"5,3","46,7","23,2","-0,3",3,"12,2","11,4","13,2","19,4","8,6","6,8","12,5","6,9","8,3","5,6","9,4","6,2","6,5","5,4","2,8","2,2","4,8","6,6","5,4","2,9","8,2","4,2","3,7","4,7","3,2","2,6","3,6","0,7","1,2","2,9","5,3","2,4","2,4","3,9","5,8",6,"3,6",3,3,3,3,3
Poland,"9,4","21,2","100,8","22,1","75,6","15,1","17,8","25,2","60,2","251,1","585,8","70,3",43,"35,3","32,2","27,9","19,9","14,9","11,8","7,3","10,1","5,5","1,9","0,7","3,5","2,2","1,2","2,5","4,3","3,8","2,6","4,2","3,7","1,1","0,1","-0,9","-0,7",2,"1,8","2,2","3,4","5,1","14,4","11,4",5,5,"3,6","2,9","2,5","2,5"
Portugal,"5,9","21,2","22,7","25,1","29,3","19,3","11,7","9,4","9,6","12,6","13,4","11,4","8,9","5,9",5,4,"2,9","1,9","2,2","2,2","2,8","4,4","3,7","3,2","2,5","2,1",3,"2,4","2,7","-0,9","1,4","3,6","2,8","0,4","-0,2","0,5","0,6","1,6","1,2","0,3","-0,1","0,9","8,1","5,3","2,2",2,2,2,2,2
Puerto Rico,no data,"9,5","3,2","0,3","1,7","0,2","-0,2","2,1","2,6","2,8","4,4","2,2","1,5",1,"1,4","1,9","3,3","1,9","0,1","0,7","3,1","0,6","0,2","1,4","2,5","5,6","5,2","4,2","5,2","0,3","2,5","2,9","1,3","1,1","0,6","-0,8","-0,3","1,8","1,3","0,1","-0,5","2,4",6,"2,8","1,9","2,3","2,3","2,5","2,5","2,3"
Qatar,"6,8","8,5","5,7","2,7","1,1","1,1","1,9","4,5","4,8","3,3",3,"4,5","2,9","-0,7","1,4",3,7,"2,7","2,9","2,2","1,6","1,7","0,2","2,3","6,8",9,"11,7","13,7","15,1","-4,9","-2,4",2,"1,8","3,1","4,2","0,9","2,7","0,6","0,1","-0,9","-2,5","2,3",5,"3,1","2,6","2,4","2,2",2,2,2
Romania,"1,5","2,2","16,9","4,7","-0,3","-0,2","0,7","1,1","2,6","0,9","127,9","161,1","210,4","256,1","136,7","32,3","38,8","154,8","59,1","45,8","45,7","34,5","22,5","15,4","11,9",9,"6,6","4,8","7,8","5,6","6,1","5,8","3,3",4,"1,1","-0,6","-1,6","1,3","4,6","3,8","2,6",5,"13,8","10,4",6,4,"3,3",3,3,3
Russian Federation,no data,no data,no data,no data,no data,no data,no data,no data,no data,no data,0,"135,6","1569,1","874,3","307,5","197,3","47,8","14,8","27,7","85,7","20,8","21,5","15,8","13,7","10,9","12,7","9,7",9,"14,1","11,6","6,8","8,4","5,1","6,8","7,8","15,5",7,"3,7","2,9","4,5","3,4","6,7","13,7","5,9","6,9","4,5",4,4,4,4
Rwanda,"7,2","6,4","12,6","6,6","5,4","1,7","-1,1","4,1","2,9",1,"4,2","19,6","9,5","12,5",21,56,"13,2","11,8","6,5","-2,4","3,9","3,4",2,"7,4",12,"9,1","8,8","9,1","15,4","10,3","2,3","5,7","6,3","4,2","1,8","2,5","5,7","4,8","1,4","2,4","7,7","0,8","13,9",14,"5,8",5,5,5,5,5
Saint Kitts and Nevis,"19,3","8,6",6,"2,2","2,7","2,7",0,"0,9","0,2","5,1","4,2","4,2","2,8","1,8","1,4",3,2,"8,7","3,7","3,4","2,1","2,1","2,1","2,3","2,2","3,4","8,5","4,5","5,3","2,1","0,9","5,8","0,8","1,1","0,2","-2,3","-0,7","0,7",-1,"-0,3","-1,2","1,2","2,7","3,6","2,5","2,2",2,2,2,2
Saint Lucia,"19,4","15,1","4,6","1,5",2,"0,5","2,2",7,"0,8","4,4","4,3","5,5","5,7","0,8","2,7","5,9","0,9",0,"3,2","2,4","4,8","5,3","-0,3",1,"1,5","3,9","3,6","2,8","5,5","-0,2","3,3","2,8","4,2","1,5","3,5",-1,"-3,1","0,1","2,6","0,5","-1,8","2,4","6,4","3,7","1,8",2,2,2,2,2
Saint Vincent and the Grenadines,"17,2","17,5","7,2","5,5","2,7","2,1","1,2","2,9","0,3","2,6","7,2","5,9","3,8","4,3","0,4","2,4","4,4","0,5","2,1",1,"0,2","1,9","0,7","0,1","2,9","3,4",3,7,"10,1","0,4","0,8","3,2","2,6","0,8","0,2","-1,7","-0,2","2,2","2,3","0,9","-0,6","1,6","5,7","4,6",3,2,2,2,2,2
Samoa,33,"20,5","18,3","16,5","11,9","9,1","2,7","11,2","3,2","12,3","8,5","-1,8",9,"1,7","12,1","-2,9","5,4","6,9","5,4","0,4","-0,2","1,9","7,4","4,4","7,8","7,8","3,2","4,5","6,3","14,6","-0,2","2,9","6,2","-0,2","-1,2","1,9","0,1","1,3","3,7","2,2","1,5",-3,"8,7",12,"3,6","3,3",3,3,3,3
San Marino,no data,no data,no data,no data,no data,no data,no data,no data,no data,no data,no data,no data,no data,no data,no data,no data,no data,no data,no data,no data,no data,no data,no data,"1,3","1,4","1,7","2,1","2,5","4,1","2,4","2,4","2,2","2,8","1,6","1,1","0,1","0,6",1,"1,2","0,5","-0,1","2,1","5,3","6,1","2,3",2,2,2,2,2
Saudi Arabia,"4,4","3,6","1,9","0,6","-0,7","-2,3","-3,1","-2,4","-0,4","1,2","-1,1","3,9",-1,"1,2","1,4","5,1","0,3","-0,2","-0,4","-2,1",-1,"-1,1","0,1","0,5","0,3","0,6","1,9",5,"6,1","4,3","3,7","3,7","2,9","3,5","2,2","1,2","2,1","-0,8","2,5","-2,1","3,4","3,1","2,5","2,3","2,3",2,2,2,2,2
Senegal,"8,8","5,8","17,4","11,7","11,7",13,"6,1","-4,1","-1,8","0,4","0,3","-1,8",0,"-0,7","32,1","8,1","2,8","1,8",1,"0,8","0,8","3,1","2,4",0,"0,5","1,7","2,1","5,9","6,3","-2,2","1,2","3,4","1,4","0,7","-1,1","0,9","1,2","1,1","0,5",1,"2,5","2,2","9,7","5,9","3,9",2,2,2,2,2
Serbia,no data,no data,no data,no data,no data,no data,no data,no data,no data,no data,no data,no data,no data,no data,no data,no data,no data,"18,3",30,"41,1",70,"80,7","8,9","2,9","10,6","16,3","10,7",6,"12,4","8,1","6,1","11,1","7,3","7,7","2,1","1,4","1,1","3,1",2,"1,8","1,6","4,1",12,"12,4","4,8","3,1",3,3,3,3
Seychelles,"13,5","10,5","-0,9","6,6","1,2","0,6","2,4","2,2","0,5","3,3",4,2,2,"-0,3","2,2","0,5","-2,1","1,8","2,7","6,3","6,3",6,"0,2","3,3","3,9","0,6","-1,9","5,3",37,"31,8","-2,4","2,6","7,1","4,3","1,4",4,-1,"2,9","3,7","1,8","1,2","9,8","2,6",-1,"-0,2","2,6","3,1","3,5","3,4","3,4"
Sierra Leone,"12,9","23,4","26,9","68,5","66,6","76,6","80,9","178,7","34,3","60,8","110,9","102,7","65,5","22,2","24,2",26,"23,1","14,6",36,"34,1","-0,9","2,6","0,1",4,"12,9","13,7","10,5",17,"8,2","7,5","7,2","6,8","6,6","5,5","4,6","6,7","10,9","18,2",16,"14,8","13,4","11,9","27,2","47,7","39,1","21,7","15,2","11,3","8,9","7,5"
Singapore,"8,5","8,2","3,9",1,"2,6","0,5","-1,4","0,5","1,5","2,3","3,4","3,4","2,2","2,3","3,1","1,7","1,4",2,"-0,3",0,"1,3",1,"-0,4","0,5","1,7","0,5",1,"2,1","6,6","0,6","2,8","5,2","4,6","2,4",1,"-0,5","-0,5","0,6","0,4","0,6","-0,2","2,3","6,1","4,8",3,"2,5",2,2,2,2
Slovak Republic,no data,no data,no data,no data,no data,no data,no data,no data,no data,no data,no data,no data,no data,no data,"13,5","9,9","5,8",6,"6,7","10,5","12,2","7,1","3,5","8,4","7,5","2,8","4,3","1,9","3,9","0,9","0,7","4,1","3,7","1,5","-0,1","-0,3","-0,5","1,4","2,5","2,8",2,"2,8","12,1",11,"3,6","3,9","2,5",2,2,2
Slovenia,no data,no data,no data,no data,no data,no data,no data,no data,no data,no data,no data,no data,no data,"31,9","20,9","13,6","9,9","8,3","7,9","6,1","8,9","8,4","7,5","5,5","3,6","2,5","2,5","3,7","5,6","0,8","1,8","1,8","2,6","1,8","0,2","-0,5","-0,1","1,4","1,7","1,6","-0,1","1,9","8,8","7,4","2,7",2,2,2,2,2
Solomon Islands,"8,2","13,1",13,7,"10,9","9,4","13,1","11,5","16,8","14,9","8,7",15,"10,8","9,2","13,3","9,6","11,8","8,1","12,4",8,"6,9","7,6","9,4","10,1","6,9","7,5","11,2","7,7","17,3","7,2","0,9","7,4","5,9","5,2","5,3","-0,6","0,5","0,5","3,5","1,6",3,"-0,1","5,5","4,5","3,5","3,2","3,1","3,1",3,3
Somalia,no data,no data,no data,no data,no data,no data,no data,no data,no data,no data,no data,no data,no data,no data,no data,no data,no data,no data,no data,no data,no data,no data,no data,no data,no data,no data,no data,no data,no data,no data,no data,no data,no data,"2,8","1,3","0,9",0,4,"4,3","4,5","4,3","4,6","6,8","6,1","4,8","3,9","3,6","3,4","3,2",3
South Africa,"14,2","15,3","13,7","12,8","11,3","16,6","18,1","16,5","12,8","14,6","14,4","15,2",14,"9,7","8,8","8,8","7,3","8,6",7,"5,1","5,3","5,7",9,"5,9","1,4","3,4","4,7","7,1",11,"7,2","4,2",5,"5,6","5,7","6,1","4,6","6,3","5,3","4,6","4,1","3,3","4,6","6,9","5,9","4,9","4,5","4,5","4,5","4,5","4,5"
"South Sudan, Republic of",no data,no data,no data,no data,no data,no data,no data,no data,no data,no data,no data,no data,no data,no data,no data,no data,no data,no data,no data,no data,no data,no data,no data,no data,no data,no data,no data,no data,no data,no data,no data,no data,"42,4","-2,7","4,3",53,"346,1",213,"83,4","49,3",24,"30,2","-3,2","40,2","54,8","21,7","8,4","7,9","8,3","8,3"
Spain,"15,6","14,5","14,4","12,2","11,3","8,8","8,8","5,2","4,8","6,8","6,7","5,9","7,1","4,6","4,7","4,7","3,6","1,9","1,8","2,2","3,5","2,8","3,6","3,1","3,1","3,4","3,6","2,8","4,1","-0,2",2,3,"2,4","1,5","-0,2","-0,6","-0,3",2,"1,7","0,8","-0,3",3,"8,3","3,4","2,7","2,4","1,9","1,8","1,8","1,8"
Sri Lanka,"26,1",18,"10,8",14,"16,6","1,5",8,"7,7",14,"11,6","21,5","12,2","11,4","11,7","8,4","7,7","15,9","9,6","9,4","4,7","6,2","14,2","9,6",9,9,11,"9,9","15,9","22,4","3,5","6,2","6,7","7,5","6,9","2,8","2,2",4,"6,6","4,3","4,3","4,6",6,"45,2",no data,no data,no data,no data,no data,no data,no data
Sudan,"26,5",24,"26,6","30,6","33,7","45,6",60,"26,5","62,9","65,3","-0,9","123,6","117,6","101,3","115,5","68,4","86,8","47,2","24,6","17,2","7,1","1,9","22,2","6,5","9,7","8,5","7,2","14,8","14,3","11,3",13,"18,1","35,6","36,5","36,9","16,9","17,8","32,4","63,3",51,"163,3","359,1","138,8","171,5","145,5","62,7","25,2","15,8","8,5","8,3"
Suriname,"14,2","8,7","7,1","4,4","3,7","10,9","18,7","53,4","7,3","0,8","21,8","10,5","21,3","79,3","142,8","24,2","2,8","6,1","11,2","60,5","29,6","34,4","15,5",23,"9,1",14,"11,3","6,4","14,7","-0,3","6,9","17,7",5,"1,9","3,4","6,9","55,5",22,"6,9","4,4","34,9","59,1","52,4","51,6","20,7","14,8","9,7","7,6",5,5
Sweden,"17,5","12,1","8,6","8,9",8,"7,4","4,2","4,2","5,8","6,4","10,5","8,8","1,4","4,7","2,9","2,5",1,"1,8",1,"0,6","1,3","2,7","1,9","2,3",1,"0,8","1,5","1,7","3,3","1,9","1,9","1,4","0,9","0,4","0,2","0,7","1,1","1,9",2,"1,7","0,7","2,7","8,1","5,9","2,6",2,2,2,2,2
Switzerland,4,"6,5","5,7",3,"2,9","3,4","0,7","1,4","1,9","3,2","5,4","5,9",4,"3,3","0,9","1,8","0,8","0,5",0,"0,8","1,6",1,"0,6","0,6","0,8","1,2","1,1","0,7","2,4","-0,5","0,7","0,2","-0,7","-0,2",0,"-1,1","-0,4","0,5","0,9","0,4","-0,7","0,6","2,8","2,1","1,5","1,2","1,2","1,2","1,2","1,2"
Syria,"19,3","18,4","14,3",6,"9,5","16,8","36,2","71,4",30,"15,4","11,1",9,"11,1","13,2","15,3","7,7","8,9","1,9",-1,"-3,7","-3,9","3,4","-0,5","5,8","4,4","7,2","10,4","4,7","15,2","2,8","4,4",no data,no data,no data,no data,no data,no data,no data,no data,no data,no data,no data,no data,no data,no data,no data,no data,no data,no data,no data
SÃ£o TomÃ© and PrÃ­ncipe,"0,2","11,5","0,4",7,"3,2","0,1","13,9",25,"44,3","42,9","42,2","46,5","33,7","25,5","51,2","36,8",42,69,"42,1",11,11,"9,2","10,1","9,8","13,3","17,2","23,1","18,6",32,17,"13,3","14,3","10,6","8,1",7,"6,1","5,4","5,7","7,9","7,7","9,8","8,1",18,"21,2","14,2","7,8","5,1",5,5,5
Taiwan Province of China,19,"10,9",3,"1,4",0,"-0,2","0,7","0,5","1,3","4,4","4,1","3,6","4,5","2,9","4,1","3,7","3,1","0,9","1,7","0,2","1,2",0,"-0,2","-0,3","1,6","2,3","0,6","1,8","3,5","-0,9",1,"1,4","1,9","0,8","1,2","-0,3","1,4","0,6","1,4","0,6","-0,2",2,"2,9","2,5","1,9","1,6","1,5","1,5","1,6","1,5"
Tajikistan,no data,no data,no data,no data,no data,no data,no data,no data,no data,no data,no data,no data,no data,"2600,7","350,4","612,5","418,5",88,"43,2","27,5","32,9","38,6","12,2","16,4","7,2","7,3",10,"13,2","20,4","6,4","6,5","12,4","5,8",5,"6,1","5,8","5,9","7,3","3,8","7,8","8,6",9,"6,6","3,7","4,9","6,3","6,5","6,5","6,5","6,5"
Tanzania,"30,2","25,7","28,9","27,1","36,1","33,3","32,4","29,9","31,2","25,8","36,4","25,2","20,7","26,1","37,9","26,8",21,"16,1","12,8","7,9",6,"5,1","4,6","4,4","4,1","4,4","7,3",7,"10,3","12,1","7,2","12,7",16,"7,9","6,1","5,6","5,2","5,3","3,5","3,4","3,3","3,7","4,4",4,4,4,4,4,4,4
Thailand,"19,7","12,7","5,3","3,7","0,8","2,4","1,8","2,5","3,9","5,4","5,8","5,8",4,"3,4","5,1","5,8","5,8","5,6",8,"0,2","1,7","1,6","0,7","1,8","2,8","4,5","4,7","2,2","5,5","-0,9","3,3","3,8",3,"2,2","1,9","-0,9","0,2","0,7","1,1","0,7","-0,8","1,2","6,1","1,2","0,7","1,2","1,7",2,2,2
Timor-Leste,no data,no data,no data,no data,no data,no data,no data,no data,no data,no data,no data,no data,no data,no data,no data,no data,no data,no data,no data,no data,no data,"3,6","4,1",8,"2,2","1,6","5,2","8,6","7,4","-0,2","5,2","13,2","10,9","9,5","0,8","0,6","-1,5","0,5","2,3","0,9","0,5","3,8",7,"8,4","3,5","2,2",2,2,2,2
Togo,"12,3","19,7","11,1","9,4","-3,5","-1,8","4,1","0,1","-0,2",-1,"1,1","0,2","1,6","-0,1","35,3","15,8","4,6","5,3",1,"-0,1","1,6","5,1","2,7","-0,9","0,7","5,3","1,1","0,4","7,7","4,1","0,2","3,6","2,6","1,8","0,2","1,8","0,9","-0,2","0,9","0,7","1,8","4,5","7,6","5,1","2,7",2,2,2,"1,7","1,7"
Tonga,"-7,3","14,9","10,9","9,7","7,9","5,2","29,9","7,7","10,3",4,"5,6","13,9","8,6","1,8","3,9","-0,5","2,7","0,6","2,9","3,9","4,9","7,3",10,"10,7","11,8",10,"7,2",5,"9,6","5,5","1,7",6,"3,3","0,7","2,3","0,1","-0,6","7,2","6,8","3,3","0,4","1,4","8,5","10,2","5,4","4,2","3,7","3,3","3,4","3,2"
Trinidad and Tobago,"17,5","14,3","11,6","15,2","13,3","7,6","7,7","10,8","7,8","11,4","11,1","3,8","6,5","10,8","8,8","5,3","3,3","3,7","5,6","3,4","3,5","5,6","4,1","3,8","3,8","6,9","8,3","7,9",12,7,"10,5","5,1","9,3","5,2","5,7","4,7","3,1","1,9",1,1,"0,6","2,1","5,8","4,6","1,5","2,2",2,2,"1,9","1,8"
Tunisia,10,"8,9","13,7",9,"8,6","7,6","6,2","8,2","7,2","7,7","6,5","7,7","5,5",4,"5,4","6,2","3,7","3,6","3,1","2,8","2,8","1,9","2,7","2,7","3,7",2,"4,1","3,4","4,9","3,5","4,4","3,2","4,6","5,3","4,6","4,4","3,6","5,3","7,3","6,7","5,6","5,7","8,3","9,3","7,4","6,9",7,"7,9","8,2",9
Turkmenistan,no data,no data,no data,no data,no data,no data,no data,no data,no data,no data,no data,no data,no data,"3102,4","1748,3","1005,3","992,4","83,7","16,8","23,5",8,"11,6","8,8","5,6","5,9","10,7","8,2","6,3","14,5","-2,7","4,4","5,3","5,3","6,8",6,"7,4","3,6",8,"13,3","5,1","6,1","19,5","11,2","-1,7",5,"7,9",8,8,8,8
Tuvalu,no data,no data,no data,no data,no data,no data,no data,no data,no data,no data,no data,no data,no data,no data,no data,no data,no data,no data,no data,no data,no data,"1,5","5,1","2,9","2,4","3,2","4,2","2,3","10,4","-0,3","-1,9","0,5","1,4",2,"1,1","3,1","3,5","4,1","2,2","3,5","1,9","6,2","11,5","6,2","4,1","3,6","3,2",3,"2,8","2,8"
"TÃ¼rkiye, Republic of","110,6","36,4","31,1","31,3","48,4","44,5","34,6","38,9","73,7","63,3","60,3",66,"70,1","66,1","104,5","89,6","80,2","85,7","84,7","64,9",55,"54,2","45,1","25,3","8,6","8,2","9,6","8,8","10,4","6,3","8,6","6,5","8,9","7,5","8,9","7,7","7,8","11,1","16,3","15,2","12,3","19,6","72,3","53,9","59,5","38,4","22,4",19,"18,6","18,6"
Uganda,"99,2",100,100,150,"16,7",100,"143,8","215,4","166,7","130,8","45,4","20,8","42,2",30,"5,8","6,8","7,5","7,7","5,8","5,8","3,4","1,9","-0,3","8,7","3,7","8,6","7,2","6,1",12,13,4,"18,7",14,"5,5","4,3","3,7","5,2","5,6","2,5","2,1","2,8","2,2","7,2","5,4","3,8","4,9",5,5,5,5
Ukraine,no data,no data,no data,no data,no data,no data,no data,no data,no data,no data,no data,no data,1210,"4734,9","891,2","376,7","80,2","15,9","10,6","22,7","28,2",12,"0,8","5,2",9,"13,5","9,1","12,8","25,2","15,9","9,4",8,"0,6","-0,3","12,1","48,7","13,9","14,4","10,9","7,9","2,7","9,4","20,2","12,9","6,4","7,6","6,2","5,2",5,5
United Arab Emirates,"10,1","7,9","7,1","1,3","2,4","3,5","5,4","5,5",5,"2,8","0,6","3,4","6,4","5,3","5,7","4,3",3,3,2,"2,1","1,3","2,8","2,9","3,1",5,"6,2","9,3","11,1","12,3","-4,7","0,9","0,9","0,7","1,1","2,3","4,1","1,6",2,"3,1","-1,9","-2,1","-0,1","4,8","1,6","2,1",2,2,2,2,2
United Kingdom,"16,8","12,2","8,5","5,2","4,4","5,2","3,6","4,1","4,6","5,2",7,"7,5","4,2","2,5",2,"2,6","2,4","1,8","1,6","1,3","0,8","1,2","1,3","1,4","1,3","2,1","2,3","2,3","3,6","2,2","3,3","4,5","2,8","2,6","1,5",0,"0,7","2,7","2,5","1,8","0,9","2,6","9,1","7,3","2,5",2,2,2,2,2
United States,"13,5","10,4","6,2","3,2","4,4","3,5","1,9","3,6","4,1","4,8","5,4","4,2",3,3,"2,6","2,8","2,9","2,3","1,5","2,2","3,4","2,8","1,6","2,3","2,7","3,4","3,2","2,9","3,8","-0,3","1,6","3,1","2,1","1,5","1,6","0,1","1,3","2,1","2,4","1,8","1,2","4,7",8,"4,1","2,9",2,"2,1","2,1","2,1","2,1"
Uruguay,"63,5",34,19,"49,2","55,3","72,2","76,4","63,6","62,2","80,4","112,5",102,"68,5","54,1","44,7","42,2","28,3","19,8","10,8","5,7","4,8","4,4",14,"19,4","9,2","4,7","6,4","8,1","7,9","7,1","6,7","8,1","8,1","8,6","8,9","8,7","9,6","6,2","7,6","7,9","9,8","7,7","9,1","5,9","5,8","5,5","5,2","4,9","4,6","4,6"
Uzbekistan,no data,no data,no data,no data,no data,no data,no data,no data,no data,no data,no data,no data,"645,1","534,2","1568,3","304,6",54,"70,9",29,"29,1",25,"27,3","27,3","12,5","7,3","10,7","13,1","11,2","13,1","12,3","12,3","12,4","11,9","11,7","9,1","8,5","8,8","13,9","17,5","14,5","12,9","10,8","11,4",10,"11,6","9,7","7,7","5,9",5,5
Vanuatu,"11,2","26,8","6,7","1,7","5,5","1,1","4,8",16,"8,8","7,7","4,8","6,5","4,1","3,6","2,3","2,2","0,9","2,8","3,6",2,"2,5","3,6",2,3,"1,4","1,2",2,"3,9","4,8","4,3","2,8","0,9","1,3","1,5","0,8","2,5","0,8","3,1","2,4","2,7","5,3","2,3","6,7",12,"7,6",6,"4,4","3,9","3,9","3,9"
Venezuela,"21,4","16,2","9,6","6,2","12,2","11,4","11,5","28,1","29,5","84,5","40,7","34,2","31,4","38,1","60,8","59,9","99,9",50,"35,8","23,6","16,2","12,5","22,4","31,1","21,7",16,"13,7","18,7","31,4",26,"28,2","26,1","21,1","40,6","62,2","121,7","254,9","438,1","65374,1",19906,"2355,1","1588,5","186,5","337,5",100,150,no data,no data,no data,no data
Vietnam,"25,2","69,6","95,4","49,5","64,9","91,6","453,5","360,4","374,4","95,8",36,"81,8","37,7","8,4","10,4","16,9","5,6","3,1","8,1","4,1","-1,8","-0,4","3,8","3,1","7,8","8,3","7,7","8,4","23,3","6,7","9,1","18,7","9,1","6,6","4,1","0,6","2,7","3,5","3,5","2,8","3,2","1,8","3,2","3,3","3,7","3,4","3,4","3,4","3,4","3,4"
West Bank and Gaza,no data,no data,no data,no data,no data,no data,no data,no data,no data,no data,no data,no data,no data,no data,no data,no data,no data,"7,6","5,6","5,5","2,8","1,2","5,7","4,4",3,"5,3","3,8","1,9","9,9","2,8","3,8","2,9","2,8","1,7","1,7","1,4","-0,2","0,2","-0,2","1,6","-0,7","1,2","3,7","5,9",no data,no data,no data,no data,no data,no data
Yemen,no data,no data,no data,no data,no data,no data,no data,no data,no data,no data,no data,"44,9","51,2","61,7","71,3","63,9","38,8","4,6","11,5","7,9",11,"11,9","12,2","10,8","12,5","9,9","10,8","7,9",19,"3,7","11,2","19,5","9,9",11,"8,2",22,"21,3","30,4","33,6","15,7","21,7","31,5","29,5","-1,2","16,9","17,3","13,7","11,2",10,10
Zambia,"11,7",14,"12,5","19,7",20,"37,4",48,43,"45,8","113,2","93,9","85,3","146,7","158,4","46,1","31,5","38,6","21,4","22,7","23,9","24,1","21,4","22,2","21,4",18,"18,3",9,"10,7","12,4","13,4","8,5","8,7","6,6",7,"7,8","10,1","17,9","6,6","7,5","9,2","15,7",22,11,11,"11,4","7,8",7,7,7,7
Zimbabwe,no data,"5,6","0,6","-8,5","-1,9",-16,"10,7","12,8","-1,1","-3,8","1,3","-13,1",-3,"0,4","-2,8","15,2",6,-1,-28,"-13,4","4,5","-37,2","-34,4","-8,6","113,6","-31,5",33,"-72,7",157,"6,2",3,"3,5","3,7","1,6","-0,2","-2,4","-1,6","0,9","10,6","255,3","557,2","98,5","193,4","667,4",561,"554,7","511,5","480,5","450,9",400
Africa (Region),"16,5","15,8","14,4","15,6","13,5","13,6",17,16,"14,2","16,3","14,1","26,4",31,"27,4","34,2","28,5","26,2","12,4","7,9","8,8","9,3","8,2",7,"7,5","7,5","7,4","5,7","6,3","10,9","9,4","7,6","8,9",9,"6,6","7,1","7,4","9,8","12,6","11,2","8,9","10,5","12,7","14,2","18,2","18,4","14,4","9,9",9,"8,1","7,6"
Asia and Pacific,16,"10,3","7,4",7,"7,6","7,5","7,3","7,6","10,9","9,5","8,5","9,6",9,"15,3","17,4","12,3","8,7",7,"9,8","4,5","3,6","4,1","3,4","3,1","3,4","3,3","3,9","4,4","6,7","2,6","4,2","5,3","4,1",4,"3,6","2,6","2,6","2,7","3,1","3,4","3,2",3,"6,6","5,1",5,"4,3","3,6","3,4","3,4","3,4"
Australia and New Zealand,"11,2","10,4","12,1","9,6","4,3",8,"9,7","9,6","7,1","7,3","7,1","3,2",1,"1,7","1,9","4,5","2,6","0,4","0,9","1,2","4,2","4,2",3,"2,6","2,3","2,7","3,5","2,4","4,3","1,8","2,8","3,4","1,6","2,3","2,3","1,3","1,2",2,"1,9","1,6",1,3,"6,7","5,6","3,5","2,9","2,6","2,6","2,5","2,4"
Caribbean,"17,2","12,1","8,8","11,4","12,8","12,6","9,4","5,1",7,"11,3","17,4","20,7","24,8","16,4","24,4","14,6","12,1","6,5","5,5","5,6","5,8","8,2","5,1","9,3","9,4","9,1","8,2",7,"12,3","5,2",7,"5,9",6,"4,4","4,1","3,5","6,2","5,3","4,4","5,4","7,9","8,5","12,6","12,8","6,8","5,6","5,3","5,1",5,5
Central America,"17,5","14,2","15,7","11,8","17,7","40,6",40,"66,1","55,7","58,2","61,8","32,5",10,"9,9","10,3","12,3","10,2","8,8","6,5","5,9","6,8","7,2","5,7","10,2","16,4","7,3","6,8","6,7","11,2","2,9","4,6","6,6","4,3","4,4","3,5","1,3","1,9","2,7","2,8",2,"1,9","4,5","7,2","4,1",3,"3,3","3,3","3,3","3,3","3,3"
Central Asia and the Caucasus,no data,no data,no data,no data,no data,no data,no data,no data,no data,no data,no data,no data,no data,"224,4","268,9","124,6",76,"69,8","62,8","49,1","42,6","40,1","32,7","19,6","8,1","8,3","9,4","9,6","12,8","5,8","8,1","7,5","7,6",7,"7,7","7,1","8,5","10,4","13,3","12,1","10,6","16,3","50,9","38,8","41,4","27,9","17,1","14,6","14,2","14,2"
East Asia,"9,5","5,6",3,"2,2","2,4","3,7","2,3","2,3","5,9","6,8","3,8","4,1","3,9","6,1","9,1","6,4","3,8","2,4","0,7","-0,7","0,1","0,4","-0,5","0,7","2,3","1,2","1,1",3,"4,4","-0,6","2,2","3,9",2,2,"2,1","1,2","1,5","1,4","1,8","2,2","1,8","0,9","2,3",1,"1,3",2,2,2,2,2
Eastern Europe ,6,"9,7","39,4","11,2","25,7","7,1","8,1","11,4","24,8","73,6","193,1","105,1","865,9",658,"236,2","136,5","39,1","26,8","22,6","46,9","20,4","17,3","10,9","9,2","8,6","9,2","7,2","7,3","11,8","8,5","5,5","7,6","5,4","4,7","5,3","10,3","4,3","3,7","3,3","3,9",3,"5,9","14,2","8,5","5,7","4,4","3,7","3,5","3,4","3,4"
Europe,"12,2","11,9","12,8","8,5","8,5","5,9",4,4,"5,3","9,8","13,8","10,4","81,2","66,8","33,6","22,8","9,6","6,9","5,6","9,8","5,8","5,5","4,1","3,7","3,6","3,9","3,5","3,5","5,6","2,8","2,8","4,2","3,2","2,4",2,"2,9","1,5","2,2","2,2",2,"1,1","3,5","9,9","6,3","3,4","2,7","2,5","2,4","2,4","2,4"
Middle East (Region),"15,3","12,7","11,6","11,6","11,8","9,8","11,9",18,"13,1","8,8","4,7","10,8","10,2",10,"13,3","17,9","9,3","5,9",6,"5,7","3,6","3,8",6,6,"6,2","7,2","9,9","11,5","12,9","3,7","5,4","8,4","9,3","9,7","5,2",4,"3,5","2,9","8,3","6,3","9,8","12,1","13,9","12,5","10,7","9,2",8,"7,4","7,3","7,2"
North Africa,"13,9","12,6","11,4","10,8","11,6","10,3","14,5",12,"8,4","11,5","11,5","16,2","19,4","12,1",14,"14,4","9,2","4,9","4,5","2,9","1,3","1,4","0,8","2,7",5,"4,5","3,2","6,7","8,3","8,9","6,8","7,5","7,4","4,9","6,2","7,8","8,7","14,9","12,9","7,7","4,1","4,7","8,2","16,7","19,7",16,"9,4",8,"6,4","5,3"
North America,"14,7","12,6","12,2",12,"10,1","8,6","8,9","12,8",12,"6,3","7,4","6,2","4,2","3,6","2,9","5,7","5,7","4,1",3,"3,6",4,"3,1",2,"2,6","2,8","3,4","3,2","2,9","3,9","0,3","1,9","3,1","2,2","1,7","1,9","0,5","1,4","2,5","2,7",2,"1,4","4,7","7,9","4,2",3,"2,1","2,1","2,2","2,2","2,2"
Pacific Islands ,"13,1","10,1","6,8","7,7","6,9","4,3",5,"4,8","7,7","5,7","7,4",7,"4,9",5,"2,9","11,2","8,5","3,9","10,6","9,8","9,8","7,3","7,8","10,7","2,8","2,4","2,8","2,4","9,9","6,2","4,3","5,1","4,2","4,1","3,7","4,3","5,4","4,6","4,3","3,2",3,"3,1","5,2","2,9","4,2","4,3","4,3","4,1",4,4
South Asia,"11,5","12,9","8,1","11,6",7,"6,3","8,2","8,5","7,9","5,6",11,"12,9","8,9","7,5","9,9","10,2","9,6","7,3","11,7","4,2","3,8","4,5","4,7","4,1","4,5","4,8",7,"6,5","9,9","11,2","9,2","8,7",10,"8,9","6,2","4,9","4,5","3,9","3,7",5,"6,5","5,8","7,8",8,"6,7","5,1","4,6","4,4","4,4","4,4"
Southeast Asia,"17,5","15,1","12,4",10,"16,1","11,5","16,1","16,1","17,6","10,9","9,2",13,"8,2","7,1","7,4","7,7","6,5","5,2","26,3",10,"2,7","5,2","5,9","4,5","4,6","6,9","8,1","5,2","9,6",3,"4,5",6,"3,9","4,5","4,3","2,9","2,3","2,9","2,8","2,2","1,4",2,5,"4,1",3,"2,7","2,7","2,7","2,7","2,7"
Sub-Saharan Africa (Region) ,no data,no data,no data,no data,no data,no data,no data,no data,no data,no data,no data,no data,no data,no data,no data,"42,2","39,7","17,9","10,5","13,3","15,4","13,2","11,6",11,"9,2","9,4","7,4",6,"12,7","9,6","8,1","9,7",10,"7,6","7,6","7,1","10,5","11,4","10,2","9,6","14,2","17,5","17,7","19,1","17,6","13,5","10,3","9,6",9,"8,9"
Western Europe,"12,9","12,1","10,4","8,2","6,8","5,8","3,6","3,3","3,6","5,1","4,7","5,2","4,5","3,7","2,9","2,8","2,4","1,7","1,3","1,2",2,"2,2","2,1",2,"1,9","2,1","2,2","2,1","3,3","0,6","1,8","2,8","2,4","1,5","0,6","0,2","0,4","1,7","1,8","1,3","0,3","2,5","8,2","5,5","2,4",2,"1,9","1,9","1,9","1,9"
Western Hemisphere (Region),"23,5","21,8","21,4","23,6",25,"27,1","22,3","30,5","44,2","52,4","64,2","30,7",36,"45,6","46,1",12,"7,5",5,"3,6","4,1","4,7","3,8","2,9","4,1","3,5","3,8","3,4","3,2","4,4","1,1","2,4","3,7","2,8","2,3","2,6","1,6","2,4","3,4","3,7","3,5","2,7","6,1","9,7","7,1","6,8","3,6","3,1","2,8","2,6","2,6"
ASEAN-5,"16,6",12,"7,9","7,4",14,"6,9",3,"5,5","6,6","6,3","7,3",9,"6,2","6,7","7,3","7,1","6,5","5,3","30,5","10,4","3,1","6,5","6,1","3,9","4,2","6,9","8,1","4,1","7,9","2,7",4,"4,7","3,4","4,2","4,3","3,1","2,1","2,8","2,6","1,9",1,2,"4,8","3,5","2,5","2,4","2,4","2,4","2,4","2,4"
Advanced economies,"13,6",11,"8,3",6,"6,4","5,4","2,9","3,2","3,5","4,7","4,9","4,7","3,5","3,2","2,6","2,6","2,5","2,1","1,6","1,4","2,2","2,2","1,5","1,8",2,"2,3","2,4","2,2","3,4","0,2","1,5","2,7",2,"1,4","1,4","0,3","0,7","1,7",2,"1,4","0,7","3,1","7,3","4,6","2,6",2,2,2,2,2
Emerging and Developing Asia,no data,"11,2","8,3","8,9","9,1","9,1","10,8",11,"14,7","11,3","8,1","10,1","8,3",10,"14,3","11,8","8,2","4,7","10,8","3,5","2,1","3,1","2,7",3,"4,3","3,8","4,6","5,3","7,7","2,9","5,1","6,2","4,7","4,6","3,5","2,7","2,8","2,5","2,7","3,3","3,2","2,3","3,9","2,4","2,4","2,8","2,7","2,7","2,7","2,7"
Emerging and Developing Europe,"29,2","17,2","36,8","17,1","32,6","18,1","16,3","20,3","40,2","69,9","132,5","87,9","646,9","500,3","219,9","133,2","50,8","39,9","35,9","56,8","28,7",25,"17,7","12,9","9,2","9,7","8,1",8,"12,1","8,8","6,6","7,9","6,3","5,6","6,6","10,7","5,6","5,6","6,4","6,7","5,4","9,6","27,8","19,4","18,8","13,1","8,8","7,8","7,7","7,7"
Emerging market and developing economies,26,"23,1","26,2","29,2","31,4","32,2","30,6","39,1","55,7","64,4","76,4","42,6","111,3","112,3","86,1","38,4","19,8",13,"13,4",13,"8,5","7,9","6,6","6,5",6,"5,9","5,9","6,5","9,3",5,"5,6",7,"5,8","5,5","4,7","4,7","4,4","4,5",5,"5,1","5,2","5,9","9,8","8,3","8,3","6,2","4,9","4,4","4,3","4,2"
Euro area,no data,no data,no data,no data,no data,no data,no data,no data,no data,no data,no data,"4,1","3,6","3,2","2,7","2,4",2,"1,6","1,1","1,1","2,1","2,3","2,3","2,1","2,1","2,2","2,2","2,1","3,3","0,3","1,6","2,7","2,5","1,4","0,4","0,2","0,2","1,5","1,8","1,2","0,3","2,6","8,4","5,4","2,4","2,1",2,"1,9","1,9","1,9"
European Union,12,"12,1","14,8","9,3","10,1","6,2","4,2","4,1",6,16,"31,3","14,9","11,5","11,9","8,5","5,6","5,5","12,6","3,4","2,6","3,7","3,4","2,8","2,4","2,5","2,4","2,4","2,4","3,7","0,8","1,8","2,9","2,6","1,4","0,4","0,1","0,1","1,6","1,9","1,4","0,7","2,9","9,3","6,3","2,7","2,4","2,1","2,1",2,2
Latin America and the Caribbean,"51,5","53,4","64,7","94,3","100,3","116,5","95,6","138,1","247,7","322,1","459,8","139,5","189,8","269,3","275,8","41,2",21,"12,6","9,6","9,8","8,9","6,9","6,5","9,2","6,1","5,4","4,2","4,2","6,4","4,6","4,2","5,2","4,6","4,6","4,9","5,4","5,5","6,3","6,6","7,6","6,4","9,8",14,"14,4","16,7","7,7","5,6","4,4","3,8","3,6"
Major advanced economies (G7),"12,4","10,3","7,3","4,8","4,6","3,9","2,1","2,8","3,2","4,4","4,4","4,3","3,2","2,8","2,2","2,3","2,2",2,"1,2","1,4","2,1","1,9","1,3","1,8",2,"2,3","2,3","2,2","3,2","-0,1","1,4","2,6","1,9","1,3","1,5","0,3","0,8","1,8","2,1","1,5","0,8","3,3","7,3","4,7","2,6",2,2,2,2,"2,1"
Middle East and Central Asia,"11,5",11,"9,5","9,1","7,5","6,3","11,7","14,9","11,9","10,1","6,6","13,6","17,1","36,8",37,"26,2","13,3","8,3","6,6","5,7","3,8","3,9","5,1","5,3","6,1","7,1","8,2","10,4","12,4","6,6","6,6","9,1","9,2","8,6","6,4","5,6","5,9","7,1","9,9","7,6","10,3","12,7","13,9","16,7","15,5","11,8","8,5","7,5","6,9","6,6"
Other advanced economies,"24,9","15,6","12,8","11,5","17,4","15,3","5,9","5,3","5,6","6,1",7,"6,2","3,9","3,7","3,9",4,"3,6","2,8","3,1","0,9","2,1","2,5","1,6","1,6","1,9","2,1","2,1",2,"4,3","1,4","2,2",3,2,"1,5","1,4","0,6","0,9","1,5","1,5","1,1","0,5","2,3","5,6","4,2","2,5","2,1",2,2,2,2
Sub-Saharan Africa,no data,no data,no data,no data,no data,no data,no data,no data,no data,no data,no data,no data,no data,no data,no data,no data,"37,7","16,5","9,7","13,1","16,1","14,2","10,9","11,4","9,1","9,4","7,4","5,4","12,6","9,6","7,8","9,3",9,"6,5","6,3","6,7","10,1","10,5","8,3","8,1","10,2",11,"14,5","16,2","15,3","12,4","9,9","9,5","9,1",9
World,"17,3","15,1","14,3","13,5","14,1","13,8","11,9","14,7","19,7","22,8","26,3","17,1","38,6","39,1","31,1","16,1","9,4","6,6","6,4","6,1","4,9","4,6","3,7","3,9","3,8",4,4,"4,3","6,4","2,6","3,7",5,"4,1","3,6","3,2","2,7","2,7","3,3","3,6","3,5","3,2","4,7","8,7","6,8","5,9","4,5","3,7","3,5","3,4","3,4"
,,,,,,,,,,,,,,,,,,,,,,,,,,,,,,,,,,,,,,,,,,,,,,,,,,
"Â©IMF, 2024",,,,,,,,,,,,,,,,,,,,,,,,,,,,,,,,,,,,,,,,,,,,,,,,,,